ic_name,rhat,dhat,tau,alpha,loss,h0_loss,h1_loss,h0_distance,h1_distance
Many clusters,0.75,9.6e-05,0.75,0.000128,0.020153766480319767,0.005490981451953,0.03481655150868653,0.06947570768447764,0.020939944563359347
Many clusters,0.75,8.8e-05,0.75,0.00011733333333333333,0.024846109447101822,0.010316669963870354,0.03937554893033329,0.09523087168043201,0.022268756254027973
Many clusters,0.75,8e-05,0.75,0.00010666666666666668,0.04710038101710942,0.017669924041646752,0.07653083799257208,0.1246307854854536,0.031045659174296702
Many clusters,0.75,0.000104,0.75,0.00013866666666666666,0.05103109919605688,0.0029424427192610344,0.09911975567285274,0.050858318758806996,0.03533155585981694
Many clusters,0.75,0.000112,0.75,0.00014933333333333332,0.08803748176720917,0.002654273904712982,0.17342068962970536,0.048303751289518644,0.04673401627623862
Many clusters,0.75,7.2e-05,0.75,9.6e-05,0.09942409014757139,0.027722398500989735,0.17112578179415305,0.15610736455466817,0.04642376654987974
Many clusters,0.75,0.00012,0.75,0.00016,0.13807825824607603,0.00398881382558609,0.272167702666566,0.05921474646106773,0.05854650099356586
Many clusters,0.7,0.00012,0.7,0.00017142857142857145,0.14159647430386296,0.0834020012053241,0.1997909474024018,0.27076730766391804,0.050161504535055475
Many clusters,0.7,0.000128,0.7,0.00018285714285714286,0.1456565792465656,0.09332460885763326,0.19798854963549795,0.28642180683136076,0.04993472794992602
Many clusters,0.7,0.000112,0.7,0.00016,0.14820968415022762,0.07423291344604493,0.22218645485441027,0.25545019807848635,0.052898266565806665
Many clusters,0.75,0.000128,0.75,0.00017066666666666665,0.16341336889435934,0.006252860146285924,0.3205738776424328,0.07413910662365956,0.06353992768751447
Many clusters,0.7,0.000104,0.7,0.00014857142857142857,0.16596287395444717,0.06583457211868998,0.26609117579020436,0.24056641681181182,0.05788924524353902
Many clusters,0.75,0.000136,0.75,0.00018133333333333334,0.1758757982628449,0.009494579780722651,0.34225701674496717,0.09135784884811889,0.06565364330077605
Many clusters,0.7,0.000136,0.7,0.0001942857142857143,0.1860541931740147,0.10388024470121278,0.26822814164681663,0.30218609244744027,0.05812123332161642
Many clusters,0.75,0.000144,0.75,0.000192,0.1873931838516073,0.013705713192991914,0.3610806545102227,0.1097637183172762,0.06743490678569765
Many clusters,0.7,9.6e-05,0.7,0.00013714285714285716,0.1888048516744067,0.058924913760872874,0.3186847895879405,0.22759224965634164,0.06335243600060138
Many clusters,0.7,0.000144,0.7,0.00020571428571428574,0.19213954692073287,0.11501533972133907,0.2692637541201267,0.3179698003221413,0.05823332649572371
Many clusters,0.7,0.000152,0.7,0.00021714285714285718,0.21041563883551578,0.12673858432767318,0.29409269334335836,0.33378161890700353,0.060858993885537505
Many clusters,0.75,0.000152,0.75,0.00020266666666666667,0.2112538705184965,0.01880548016150362,0.4037022608754894,0.12857312636090032,0.07130389300363367
Many clusters,0.7,0.00016,0.7,0.0002285714285714286,0.2313418470607129,0.13893388664556527,0.3237498074758605,0.3494717570152172,0.06385389744892193
Many clusters,0.75,0.00016,0.75,0.00021333333333333336,0.23813839422957736,0.02466917896075567,0.45160760949839907,0.1472601839528944,0.07541596222884296
Many clusters,0.7,8.8e-05,0.7,0.00012571428571428572,0.2525066889674398,0.050517115489427035,0.45449626244545255,0.21073043475079978,0.07565677226289906
Many clusters,0.7,0.000168,0.7,0.00024,0.25406460300210193,0.15134427474136183,0.35678493126284205,0.3647463789838873,0.06703257501899271
Many clusters,0.75,0.000168,0.75,0.000224,0.26182062283304997,0.03181372420441095,0.49182752146168895,0.16723040701849257,0.07870259723501798
Many clusters,0.8,0.000112,0.8,0.00014,0.274414264834062,0.10631656134152798,0.442511968326596,0.30570915992768294,0.07465263845650175
Many clusters,0.8,0.00012,0.8,0.00015,0.27531864415787227,0.09575410382084733,0.4548831844948972,0.29012602571147544,0.07568896949774093
Many clusters,0.8,0.000104,0.8,0.00013,0.28344800302242346,0.11611890052482232,0.4507771055200246,0.3194916030350187,0.07534658554274427
Many clusters,0.8,0.000128,0.8,0.00015999999999999999,0.2850048774954136,0.08767136353098062,0.4823383914598466,0.2776111284185753,0.07793967067174833
Many clusters,0.65,0.000128,0.65,0.0001969230769230769,0.29138823703268807,0.29891026633713746,0.2838662077282387,0.512599769590004,0.05979150690991213
Many clusters,0.65,0.000136,0.65,0.00020923076923076922,0.29510851453395937,0.31461288790421077,0.27560414116370796,0.5258916139885657,0.058914950952785566
Many clusters,0.65,0.000144,0.65,0.00022153846153846155,0.2953504385268949,0.3293762250865449,0.2613246519672449,0.5380890010354877,0.057368413703677124
Many clusters,0.8,0.000136,0.8,0.00016999999999999999,0.2957103969303653,0.08095511175844394,0.5104656821022867,0.26676578646348914,0.08017997679273571
Many clusters,0.65,0.00012,0.65,0.0001846153846153846,0.30402251515256706,0.28280234255340403,0.3252426877517301,0.4985968060654354,0.06400095017610521
Many clusters,0.65,0.000152,0.65,0.00023384615384615384,0.3076342605512953,0.34454445487438223,0.2707240662282083,0.5503394218315255,0.05839102288670626
Many clusters,0.8,9.6e-05,0.8,0.00012,0.31041812600362406,0.1305737827906424,0.4902624692166057,0.3387942133313397,0.07857727706121106
Many clusters,0.65,0.000112,0.65,0.0001723076923076923,0.3149985436453281,0.2667654135356414,0.3632316737550147,0.48425348170972266,0.06763546917249125
Many clusters,0.8,0.000144,0.8,0.00017999999999999998,0.32140456396994216,0.07564912802340151,0.5671599999164828,0.2578754234359399,0.08451532150462145
Many clusters,0.65,0.00016,0.65,0.00024615384615384614,0.3229811274362652,0.3598664709199642,0.28609578395256624,0.5624432166595729,0.06002585847632908
Many clusters,0.7,8e-05,0.7,0.0001142857142857143,0.3259797717958334,0.04266897195505263,0.6092905716366142,0.19367077057769638,0.08759813902142809
Many clusters,0.8,8e-05,0.8,0.0001,0.3299611725242695,0.1683106395043093,0.4916117055442296,0.3846482633080676,0.0786853278304014
Many clusters,0.65,0.000104,0.65,0.00015999999999999999,0.3325798744907017,0.2509461777561638,0.41421357122523955,0.46967590781036245,0.07222620778987819
Many clusters,0.65,0.000168,0.65,0.00025846153846153846,0.3336304457172321,0.3714722562208171,0.2957886352136471,0.5714407178314626,0.06103421915618724
Many clusters,0.8,8.8e-05,0.8,0.00010999999999999999,0.3388372158006897,0.14803305669014094,0.5296413749112385,0.36073422161652635,0.08167207754613719
Many clusters,0.8,0.000152,0.8,0.00019,0.3421344062514466,0.0713503462031666,0.6129184662997266,0.2504413483036821,0.08785854446271547
Many clusters,0.8,7.2e-05,0.8,8.999999999999999e-05,0.35210061316526736,0.1925250713646436,0.5116761549658911,0.4113880170749279,0.080274986330427
Many clusters,0.65,9.6e-05,0.65,0.0001476923076923077,0.358131654553049,0.2359523489061777,0.48031096019992037,0.4554284358533794,0.07777569479146931
Many clusters,0.8,0.00016,0.8,0.0002,0.3685039362074366,0.06709837953237764,0.6699094928824956,0.2428644826913505,0.09185244411426087
Many clusters,0.65,8.8e-05,0.65,0.00013538461538461537,0.39069114207027683,0.21742715368809648,0.5639551304524572,0.43718462599307556,0.08427619647970118
Many clusters,0.8,0.000168,0.8,0.00020999999999999998,0.3962966881292635,0.06334503591604353,0.7292483403424834,0.23597407058290118,0.0958341677606257
Many clusters,0.7,7.2e-05,0.7,0.00010285714285714287,0.39946549434864476,0.03690453142005941,0.7620264572772301,0.18011415236069012,0.0979642631183031
Many clusters,0.65,8e-05,0.65,0.00012307692307692307,0.4480419305251273,0.200585597914684,0.6954982631355706,0.41991159268360384,0.09359026476775384
Many clusters,0.6,0.000136,0.6,0.00022666666666666668,0.45418278016975566,0.5553538277591812,0.3530117325803302,0.6987034306605132,0.06667717955170392
Many clusters,0.6,0.000144,0.6,0.00024,0.4567649121824934,0.569624157904624,0.3439056664603628,0.7076234077208341,0.06581157991037921
Many clusters,0.6,0.000128,0.6,0.00021333333333333333,0.4583481608325846,0.5412959622939227,0.3754003593712465,0.6898034857768006,0.06875906984572479
Many clusters,0.6,0.000152,0.6,0.0002533333333333334,0.4599743371515812,0.5842531361704839,0.33569553813267844,0.7166523297018931,0.06502126813663087
Many clusters,0.6,0.00016,0.6,0.0002666666666666667,0.4647500469849163,0.5991590993601572,0.3303409946096754,0.725736674782686,0.06450061967529543
Many clusters,0.6,0.000168,0.6,0.00028,0.4709083422898701,0.614329428563834,0.3274872560159063,0.7348668401913546,0.06422141248180124
Many clusters,0.6,0.00012,0.6,0.0002,0.47724362363619843,0.5263142198254561,0.4281730274469408,0.680190469933728,0.07343317463071569
Many clusters,0.6,0.000112,0.6,0.00018666666666666666,0.4946232043597949,0.510994679244493,0.4782517294750968,0.6702181426322122,0.07760879236415541
Many clusters,0.85,0.000112,0.85,0.00013176470588235293,0.5123157043510864,0.3745710465797385,0.6500603621224342,0.5738192230449972,0.0904814379223003
Many clusters,0.6,0.000104,0.6,0.00017333333333333334,0.5177049026744956,0.49608722268471667,0.5393225826642747,0.6603695075498557,0.08241513109861857
Many clusters,0.85,0.00012,0.85,0.0001411764705882353,0.5177213344887712,0.3505106738041153,0.6849319951734271,0.5550838792443252,0.0928766148517699
Many clusters,0.65,7.2e-05,0.65,0.00011076923076923077,0.5183339366030902,0.18513307751395852,0.8515347956922219,0.403413103948416,0.10355804676242246
Many clusters,0.85,0.000104,0.85,0.00012235294117647058,0.5224955710890422,0.39991989314663806,0.6450712490314463,0.5929178084941293,0.09013355360154787
Many clusters,0.85,0.000128,0.85,0.00015058823529411763,0.5325790581599084,0.3291851208813711,0.7359729954384456,0.5379328786699263,0.09627501405458189
Many clusters,0.6,9.6e-05,0.6,0.00016,0.5468801766547,0.4814894619992666,0.6122708913101333,0.6505810125994016,0.08781211901210649
Many clusters,0.85,0.000136,0.85,0.00016,0.5484875244034968,0.3097864155730329,0.7871886332339606,0.5218421750688693,0.09956852147804535
Many clusters,0.85,9.6e-05,0.85,0.00011294117647058824,0.554357484638625,0.4303208047938741,0.6783941644833759,0.6150411343231568,0.09243228786951535
Many clusters,0.85,0.000144,0.85,0.00016941176470588237,0.580859013859621,0.2923340461176276,0.8693839816016143,0.5069296454216285,0.10463776818875455
Many clusters,0.6,8.8e-05,0.6,0.00014666666666666666,0.5903834059036549,0.4669672504319217,0.7137995613753881,0.6406948050576762,0.09481363333092759
Many clusters,0.85,8.8e-05,0.85,0.00010352941176470589,0.5987651134167525,0.4642388675141697,0.7332913593193353,0.6388203463813682,0.09609945723304993
Many clusters,0.85,0.000152,0.85,0.00017882352941176472,0.6016656705837636,0.2765270931295431,0.9268042480379841,0.4930339607819381,0.10803803058633948
Many clusters,0.85,0.00016,0.85,0.00018823529411764707,0.6327320071219209,0.26239913844598395,1.0030648757978577,0.4802741292106599,0.11239504422451717
Many clusters,0.6,8e-05,0.6,0.00013333333333333334,0.6493407059336607,0.4542795758058848,0.8444018360614365,0.631930906922559,0.10312340288217332
Many clusters,0.85,8e-05,0.85,9.411764705882353e-05,0.6641853800202957,0.5013915956486023,0.8269791643919893,0.6638905944209753,0.10205397728659346
Many clusters,0.55,0.000152,0.55,0.00027636363636363633,0.6713607628007826,0.8884301690825348,0.45429135651903035,0.8837300844888651,0.0756397157214245
Many clusters,0.55,0.00016,0.55,0.0002909090909090909,0.6713677265573732,0.9042553698003772,0.4384800833143691,0.8915660838711204,0.07431176676727194
Many clusters,0.55,0.000168,0.55,0.0003054545454545454,0.6725528518790367,0.9202650644195793,0.42484063933849403,0.8994239722452386,0.07314685833737541
Many clusters,0.55,0.000144,0.55,0.0002618181818181818,0.6727581047604436,0.8727361706833656,0.4727800388375216,0.875889819890961,0.07716355308293757
Many clusters,0.85,0.000168,0.85,0.0001976470588235294,0.67534649485386,0.24955662703256307,1.101136362675157,0.4683737471869244,0.11776146593627475
Many clusters,0.55,0.000136,0.55,0.00024727272727272727,0.6780000451037688,0.8572424566828911,0.49875763352464636,0.8680801529361063,0.07925513842665763
Many clusters,0.55,0.000128,0.55,0.0002327272727272727,0.6943917501092121,0.8395266561534399,0.5492568440649841,0.8590634384497252,0.0831707063020306
Many clusters,0.55,0.00012,0.55,0.00021818181818181816,0.7041408956616195,0.8211648823146066,0.5871169090086326,0.8496169634961195,0.08598940525240152
Many clusters,0.6,7.2e-05,0.6,0.00012,0.7222701730710284,0.441985270835049,1.0025550753070076,0.6233211872936294,0.11236647860906933
Many clusters,0.55,0.000112,0.55,0.00020363636363636363,0.7247458036220384,0.802122703153036,0.647368904091041,0.8397082019550788,0.09029393257656465
Many clusters,0.55,0.000104,0.55,0.00018909090909090907,0.7499609775761078,0.7830819912172234,0.7168399639349922,0.829681887215116,0.09501534632609802
Many clusters,0.85,7.2e-05,0.85,8.470588235294118e-05,0.7515638050982307,0.5360568642353937,0.9670707459610677,0.6864571322041424,0.11036002089238119
Clusters + singles,0.7,0.000168,0.7,0.00024,0.771995950060363,0.7639602350599475,0.7800316650607786,0.7326273436903996,0.2105394055315385
Many clusters,0.55,9.6e-05,0.55,0.00017454545454545454,0.7794519452694926,0.7635575396186622,0.7953463509203229,0.8192734401963555,0.10008311119994288
Clusters + singles,0.7,0.00016,0.7,0.0002285714285714286,0.7816875300210233,0.7566625864277867,0.8067124736142598,0.7291197749061717,0.2141098572426441
Clusters + singles,0.7,0.000152,0.7,0.00021714285714285718,0.7918318550918477,0.747982675265042,0.8356810349186533,0.7249257329086934,0.2179202301937677
Clusters + singles,0.7,0.000144,0.7,0.00020571428571428574,0.8053645979935228,0.7401940916615871,0.8705351043254584,0.721141608012608,0.22241825041786206
Clusters + singles,0.65,0.000168,0.65,0.00025846153846153846,0.8124752942194586,0.9166269887252786,0.7083235997136386,0.8024982000768056,0.20062873353662083
Many clusters,0.55,8.8e-05,0.55,0.00015999999999999999,0.8178764390059965,0.7435440058750941,0.8922088721368988,0.8084651975259145,0.10600245407822566
Clusters + singles,0.7,0.000136,0.7,0.0001942857142857143,0.8206557598010507,0.7328700777639948,0.9084414418381065,0.7175649911663242,0.22720911222663395
Clusters + singles,0.65,0.00016,0.65,0.00024615384615384614,0.8217281685948141,0.903442731103689,0.7400136060859391,0.7967059505059922,0.20506763756210367
Clusters + singles,0.75,0.000168,0.75,0.000224,0.8264691191512405,0.734529643787843,0.9184085945146382,0.7183769857592558,0.22845214779480785
Clusters + singles,0.65,0.000152,0.65,0.00023384615384615384,0.831951332729737,0.8901419329641613,0.7737607324953127,0.7908195135643793,0.2096913997821093
Clusters + singles,0.7,0.000128,0.7,0.00018285714285714286,0.8413765687874855,0.7261351456873752,0.9566179918875957,0.7142602404714756,0.233155974333843
Clusters + singles,0.65,0.000144,0.65,0.00022153846153846155,0.8431886220687218,0.876436579540831,0.8099406645966126,0.7847078451466004,0.2145378272060896
Clusters + singles,0.75,0.00016,0.75,0.00021333333333333336,0.8449146429614411,0.7329124071047768,0.9569168788181054,0.7175857135394911,0.23319239526238755
Clusters + singles,0.65,0.000136,0.65,0.00020923076923076922,0.8577690216979422,0.8633388280829942,0.8521992153128902,0.7788223097342836,0.2200634112719398
Many clusters,0.9,0.000112,0.9,0.00012444444444444444,0.8615910447188538,0.7514452589649606,0.9717368304727471,0.8127494143817299,0.11062594224671106
Clusters + singles,0.7,0.00012,0.7,0.00017142857142857145,0.8647792105962547,0.7206031242561006,1.0089552969364088,0.7115342620618786,0.23944911606404257
Clusters + singles,0.75,0.000152,0.75,0.00020266666666666667,0.8677127722009743,0.7305984745719624,1.0048270698299864,0.7164520462941423,0.23895875066237948
Many clusters,0.55,8e-05,0.55,0.00014545454545454546,0.87582276430059,0.725449676888113,1.0261958517130672,0.7985675097873837,0.1136835896640607
Many clusters,0.9,0.00012,0.9,0.00013333333333333334,0.8767635376630285,0.7209648927981325,1.0325621825279245,0.7960952809908038,0.11403568049951353
Clusters + singles,0.65,0.000128,0.65,0.0001969230769230769,0.8768472517289652,0.8503562135114795,0.9033382899464509,0.7729442870380905,0.22657004211722698
Many clusters,0.9,0.000104,0.9,0.00011555555555555554,0.8797842686662217,0.785983096272272,0.9735854410601714,0.8312173388981854,0.1107311184183708
Clusters + singles,0.7,0.000112,0.7,0.00016,0.8912644049927807,0.7161068645092056,1.0664219454763557,0.7093109515701886,0.2461737904070339
Clusters + singles,0.75,0.000144,0.75,0.000192,0.8920000175747316,0.7297011700234147,1.0542988651260483,0.7160119460099267,0.24477053964553114
Clusters + singles,0.65,0.00012,0.65,0.0001846153846153846,0.8998382743349724,0.8382149847667051,0.9614615639032399,0.767406471207092,0.23374548962878894
Many clusters,0.9,0.000128,0.9,0.0001422222222222222,0.902386477090247,0.6940422138145138,1.11073074036598,0.7810897416301796,0.11827339050224049
Clusters + singles,0.8,0.000168,0.8,0.00020999999999999998,0.9024009196108973,0.8074544269513486,0.9973474122704461,0.7531938354262832,0.23806771766036844
Many clusters,0.9,9.6e-05,0.9,0.00010666666666666667,0.9034658269838276,0.8230738361855258,0.9838578177821294,0.8506039382976154,0.11131375197670434
Clusters + singles,0.75,0.000136,0.75,0.00018133333333333334,0.9116124441595131,0.7291497994355856,1.0940750888834407,0.7157413814634057,0.24934510145651692
Many clusters,0.5,0.000168,0.5,0.000336,0.9166229229006191,1.2549940754351052,0.5782517703661328,1.0503373969331282,0.08533773986292884
Many clusters,0.5,0.00016,0.5,0.00032,0.9185283964557814,1.2359455384014595,0.6011112545101034,1.0423358087718886,0.08700817925644519
Many clusters,0.5,0.000152,0.5,0.000304,0.9216322178367891,1.2174150995503794,0.6258493361231988,1.034492467748267,0.08878049230845662
Clusters + singles,0.65,0.000112,0.65,0.0001723076923076923,0.923343521860075,0.8267775345917066,1.0199095091284434,0.7621528545211184,0.24074545467198064
Many clusters,0.5,0.000144,0.5,0.000288,0.9258890515252374,1.1986790596528432,0.6530990433976316,1.0265011733103582,0.09069266730341277
Clusters + singles,0.8,0.00016,0.8,0.0002,0.926028029431404,0.8129768041978988,1.0390792546649095,0.7557650844990054,0.24299739222633837
Many clusters,0.9,0.000136,0.9,0.0001511111111111111,0.9283281110419948,0.6681611780023791,1.1884950440816104,0.7663878483126724,0.1223436233707183
Clusters + singles,0.7,0.000104,0.7,0.00014857142857142857,0.9298534770763627,0.7120560137683096,1.1476509403844157,0.7073019024419727,0.255377237214025
Clusters + singles,0.75,0.000128,0.75,0.00017066666666666665,0.9326468985496001,0.729997003897802,1.1352967932013982,0.7161570733114755,0.2539989851407687
Many clusters,0.5,0.000136,0.5,0.000272,0.9344927796938697,1.180012930463406,0.6889726289243334,1.01847734738444,0.0931501664882673
Clusters + singles,0.6,0.000168,0.6,0.00028,0.9352128519720093,1.122032743852058,0.7483929600919604,0.8878723109301001,0.20622538478674682
Clusters + singles,0.6,0.00016,0.6,0.0002666666666666667,0.9429145171495837,1.105165149031048,0.7806638852681196,0.8811733164561038,0.21062470995727556
Many clusters,0.9,8.8e-05,0.9,9.777777777777777e-05,0.9440302185755663,0.8648612825159829,1.0231991546351498,0.8719291931313933,0.11351747889964144
Many clusters,0.55,7.2e-05,0.55,0.0001309090909090909,0.9499911280401286,0.7081007848965155,1.1918814711837418,0.7889609874909389,0.12251779871025897
Clusters + singles,0.65,0.000104,0.65,0.00015999999999999999,0.9523316356646753,0.815286636048302,1.0893766352810486,0.7568379638530128,0.24880912504732527
Clusters + singles,0.8,0.000152,0.8,0.00019,0.953862696591161,0.818067759358848,1.0896576338234738,0.7581277358362855,0.24884121243163881
Clusters + singles,0.6,0.000152,0.6,0.0002533333333333334,0.9539918306548505,1.0873969519390614,0.8205867093706395,0.874061120305507,0.21594319123552905
Many clusters,0.5,0.000128,0.5,0.000256,0.9542945079740479,1.1611609943917574,0.7474280215563385,1.0103089730469657,0.0970213557211566
Clusters + singles,0.75,0.00012,0.75,0.00016,0.9564791958899126,0.7321823039101972,1.1807760878696278,0.7172282068595232,0.2590365520008606
Clusters + singles,0.6,0.000144,0.6,0.00024,0.9648336218265943,1.0701499685646567,0.8595172750885317,0.8671017613378302,0.22100626279190713
Many clusters,0.9,0.000144,0.9,0.00016,0.9685177743131075,0.6445925508641893,1.2924429977620255,0.7527497709711756,0.12758168979327603
Clusters + singles,0.7,9.6e-05,0.7,0.00013714285714285716,0.9759450974186481,0.7100557807736921,1.2418344140636042,0.706307764672015,0.26564957247187176
Clusters + singles,0.6,0.000136,0.6,0.00022666666666666668,0.9784066786047145,1.052210750347144,0.9046026068622851,0.8598033129549068,0.226728540975682
Many clusters,0.5,0.00012,0.5,0.00024,0.9799973246365306,1.142689989459892,0.817304659813169,1.00224108590438,0.1014552764364768
Clusters + singles,0.8,0.000144,0.8,0.00017999999999999998,0.9842128653465855,0.825271795825856,1.143153934867315,0.7614585165435191,0.2548764054579768
Clusters + singles,0.75,0.000112,0.75,0.00014933333333333332,0.9856092667447868,0.7354790648123604,1.2357394686772132,0.7188411072330331,0.26499686419809887
Many clusters,0.9,0.000152,0.9,0.00016888888888888889,0.9950670352694071,0.622871656004877,1.3672624145339372,0.7399583497749819,0.1312225849660265
Clusters + singles,0.6,0.000128,0.6,0.00021333333333333333,0.9960798431650089,1.034687745616175,0.9574719407138428,0.8526138824216122,0.23326001735754917
Clusters + singles,0.65,9.6e-05,0.65,0.0001476923076923077,0.9980588624619422,0.8052369424434765,1.1908807824804077,0.7521588891288219,0.26014256575585154
Many clusters,0.5,0.000112,0.5,0.000224,1.0040475307886703,1.1232869214487882,0.8848081401285524,0.9936955433865021,0.10556190177099257
Many clusters,0.9,8e-05,0.9,8.888888888888889e-05,1.00784967097206,0.9100881353528056,1.1056112065913142,0.8944369194324456,0.11800050530849668
Clusters + singles,0.6,0.00012,0.6,0.0002,1.0149270713321705,1.0170768273135997,1.0127773153507416,0.8453267780875305,0.239902215361502
Clusters + singles,0.8,0.000136,0.8,0.00016999999999999999,1.021012627774421,0.8335465321346491,1.2084787234141927,0.7652664456143665,0.2620576125550145
Many clusters,0.5,0.000104,0.5,0.000208,1.0313815018160841,1.103615924323709,0.9591470793084594,0.9849563174204832,0.10990697513305504
Clusters + singles,0.75,0.000104,0.75,0.00013866666666666666,1.0324198146387538,0.7403899597391198,1.3244496695383876,0.7212370149329106,0.2743437087945734
Clusters + singles,0.7,8.8e-05,0.7,0.00012571428571428572,1.0331710695765783,0.7111082743476442,1.3552338648055124,0.7068310398383922,0.27751368129041337
Clusters + singles,0.6,0.000112,0.6,0.00018666666666666666,1.0374057655079565,0.9995357741616643,1.0752757568542486,0.8380055947489273,0.2471935889470801
Clusters + singles,0.85,0.000168,0.85,0.0001976470588235294,1.0386305563191545,0.9817809954429955,1.0954801171953135,0.8305294893623125,0.2495051565229645
Many clusters,0.9,0.00016,0.9,0.00017777777777777779,1.0439609919972668,0.6029810421812972,1.4849409418132364,0.7280476760177278,0.13675311946123167
Clusters + singles,0.65,8.8e-05,0.65,0.00013538461538461537,1.0469891053432632,0.7977551575192832,1.2962230531672432,0.74865642690217,0.2714045638587928
Many clusters,0.5,9.6e-05,0.5,0.000192,1.052595390883273,1.0836231058566486,1.0215676759098975,0.975993935888208,0.11342694166885098
Clusters + singles,0.8,0.000128,0.8,0.00015999999999999999,1.0574257611678037,0.8437243527716118,1.2711271695639959,0.7699243217662658,0.2687644211754237
Clusters + singles,0.6,0.000104,0.6,0.00017333333333333334,1.0631733304631006,0.9818761573981563,1.144470503528045,0.830569739120312,0.2550231336091492
Clusters + singles,0.85,0.00016,0.85,0.00018823529411764707,1.069551251465527,0.9943501866387268,1.1447523162923272,0.8358289832097255,0.2550545299406167
Clusters + singles,0.75,9.6e-05,0.75,0.000128,1.0833041529699796,0.7477419396040853,1.418866366335874,0.7248090660892003,0.28395402090355887
Many clusters,0.9,0.000168,0.9,0.00018666666666666666,1.088644298250657,0.5845041134409653,1.5927844830603488,0.7168062391314265,0.14163192537506716
Many clusters,0.5,8.8e-05,0.5,0.000176,1.092134892020176,1.063204327096575,1.121065456943777,0.9667548479768674,0.1188223497701673
Clusters + singles,0.7,8e-05,0.7,0.0001142857142857143,1.0970614014396878,0.7140411842241867,1.4800816186551888,0.7082871743358509,0.2900147646354679
Clusters + singles,0.8,0.00012,0.8,0.00015,1.0987985658513142,0.8561941515722157,1.3414029801304126,0.7755929903356085,0.2760939621609382
Clusters + singles,0.6,9.6e-05,0.6,0.00016,1.0989841285685822,0.9651564274178706,1.232811829719294,0.8234677598248341,0.2646827708104189
Many clusters,0.9,7.2e-05,0.9,8e-05,1.099425690220284,0.9604777594748567,1.238373620965711,0.9188648687741541,0.12488448786750124
Clusters + singles,0.65,8e-05,0.65,0.00012307692307692307,1.1043491226341722,0.7917136798668236,1.4169845654015207,0.7458162152955892,0.28376565847435753
Clusters + singles,0.85,0.000152,0.85,0.00017882352941176472,1.1048300818644081,1.0076638420504789,1.2019963216783374,0.8414059608578764,0.26135381574680583
Clusters + singles,0.55,0.000168,0.55,0.0003054545454545454,1.1224169632094196,1.4398320738676602,0.8050018525511793,1.0057815593838866,0.21388272848716522
Clusters + singles,0.55,0.00016,0.55,0.0002909090909090909,1.125340352780432,1.418009715877796,0.8326709896830682,0.998130554148221,0.217527411967173
Clusters + singles,0.55,0.000152,0.55,0.00027636363636363633,1.1300317535662359,1.3957225240243,0.8643409831081714,0.9902555621117364,0.22162555118181967
Clusters + singles,0.55,0.000144,0.55,0.0002618181818181818,1.137049827946199,1.3732309006148353,0.9008687552775624,0.9822443301110099,0.2262601330235427
Clusters + singles,0.85,0.000144,0.85,0.00016941176470588237,1.1429422873945123,1.0223282803223541,1.2635562944666703,0.8475062980008891,0.2679628409812726
Clusters + singles,0.55,0.000136,0.55,0.00024727272727272727,1.1431802866594833,1.350342463892687,0.9360181094262794,0.9740241151355264,0.2306319130697823
Clusters + singles,0.6,8.8e-05,0.6,0.00014666666666666666,1.1445644737232559,0.9508873439068091,1.3382416035397027,0.8173579298262853,0.2757684254365615
Clusters + singles,0.75,8.8e-05,0.75,0.00011733333333333333,1.1447114719660307,0.7584190864630597,1.531003857469002,0.7299655657170921,0.2949615578119312
Many clusters,0.5,8e-05,0.5,0.00016,1.1493907087668749,1.0447792317890412,1.2540021857447083,0.9583414143304909,0.12567005285991242
Clusters + singles,0.55,0.000128,0.55,0.0002327272727272727,1.1527128619206075,1.3271337569352764,0.9782919669059387,0.965617426512038,0.23578247356758122
Clusters + singles,0.8,0.000112,0.8,0.00014,1.1532858547644935,0.8701067283582459,1.4364649811707413,0.781869028898434,0.28570957642868117
Clusters + singles,0.55,0.00012,0.55,0.00021818181818181816,1.1670829101792712,1.3039124562040543,1.0302533641544882,0.9571322812308659,0.24196318718787654
Many clusters,0.45,0.000168,0.45,0.0003733333333333333,1.1681355797444215,1.557070909103977,0.779200250384866,1.1699362194572358,0.09906202300604082
Clusters + singles,0.65,7.2e-05,0.65,0.00011076923076923077,1.1707500243498157,0.7896360475867229,1.5518640011129086,0.7448369788631457,0.2969642057291499
Clusters + singles,0.7,7.2e-05,0.7,0.00010285714285714287,1.1716566147750078,0.7223189129653903,1.6209943165846252,0.7123808560854349,0.30350651774420817
Many clusters,0.45,0.00016,0.45,0.00035555555555555557,1.1763211958978925,1.5427529890778438,0.8098894027179413,1.164544769574822,0.10099398507871965
Clusters + singles,0.55,0.000112,0.55,0.00020363636363636363,1.1828855505283413,1.2806977524607548,1.085073348595928,0.9485736808879748,0.24831721232021725
Clusters + singles,0.85,0.000136,0.85,0.00016,1.1852651038733317,1.0393126263607693,1.3312175813858942,0.8545172783794435,0.27504376110766876
Many clusters,0.45,0.000152,0.45,0.00033777777777777777,1.1856583698477055,1.529120692912123,0.8421960467832881,1.1593881938678812,0.10298862271459737
Many clusters,0.45,0.000144,0.45,0.00032,1.196089096268583,1.5153182239580858,0.8768599685790806,1.1541437763983056,0.10508670449311124
Clusters + singles,0.6,8e-05,0.6,0.00013333333333333334,1.1980901699883155,0.9381919104241981,1.4579884295524328,0.8118832636100127,0.2878421000539379
Clusters + singles,0.55,0.000104,0.55,0.00018909090909090907,1.2020065581648192,1.2558261530076316,1.1481869633220065,0.9393177052304897,0.255436868619374
Many clusters,0.45,0.000136,0.45,0.0003022222222222222,1.211347326913694,1.5016100355848407,0.9210846182425474,1.1489114878531177,0.10770414461748253
Clusters + singles,0.8,0.000104,0.8,0.00013,1.2121508352743906,0.8863028595348185,1.5379988110139626,0.7891123168594907,0.2956346100327067
Clusters + singles,0.75,8e-05,0.75,0.00010666666666666668,1.218431838639328,0.7723659868212355,1.6644976904574205,0.7366468175895364,0.3075522256919964
Many clusters,0.5,7.2e-05,0.5,0.000144,1.2214518945617494,1.0267201208628993,1.4161836682605995,0.9500227982033299,0.13354955396028995
Clusters + singles,0.55,9.6e-05,0.55,0.00017454545454545454,1.2246740429916427,1.2310497651840537,1.2182983207992317,0.93000557438531,0.2631201442880479
Clusters + singles,0.85,0.000128,0.85,0.00015058823529411763,1.2290875131995835,1.0589464432343736,1.3992285831647935,0.8625509242516368,0.28198214507295316
Many clusters,0.45,0.000128,0.45,0.0002844444444444444,1.2369124671289973,1.4877082732989562,0.9861166609590385,1.1435808651569723,0.11144146156508941
Clusters + singles,0.5,0.000168,0.5,0.000336,1.2555965434044267,1.7062203479734077,0.8049727388354458,1.0948769311002595,0.2138788608083273
Clusters + singles,0.6,7.2e-05,0.6,0.00012,1.2583575155434608,0.9283180152308781,1.5883970158560434,0.8075996762394887,0.300439345397947
Clusters + singles,0.5,0.00016,0.5,0.00032,1.2600986019686147,1.686110781550975,0.8340864223862542,1.0884056801035285,0.21771221765998244
Clusters + singles,0.55,8.8e-05,0.55,0.00015999999999999999,1.2611643876168583,1.208242398579758,1.3140863766539588,0.9213503022323062,0.27326828566728867
Clusters + singles,0.9,0.000168,0.9,0.00018666666666666666,1.2621432943565254,1.300825821401544,1.2234607673115068,0.9559987433767656,0.26367703077439764
Clusters + singles,0.5,0.000152,0.5,0.000304,1.2666505955451903,1.6666126090921696,0.866688581998211,1.0820942230659976,0.22192632084579006
Many clusters,0.45,0.00012,0.45,0.0002666666666666667,1.2681775493230838,1.4745127883988338,1.0618423102473338,1.1384979753857172,0.11564121983585207
Clusters + singles,0.5,0.000144,0.5,0.000288,1.2718084014283977,1.6464495821360534,0.8971672207207418,1.0755286037768355,0.2257948200860543
Clusters + singles,0.5,0.000136,0.5,0.000272,1.2798193783723573,1.626329483786826,0.9333092729578883,1.0689367653196553,0.23029794688460492
Clusters + singles,0.85,0.00012,0.85,0.0001411764705882353,1.2818307028601659,1.0808773261632845,1.4827840795570475,0.8714369090190812,0.29027941089467263
Clusters + singles,0.8,9.6e-05,0.8,0.00012,1.2860277909777431,0.9062974719190235,1.665758110036463,0.7979636921808071,0.30766864865012333
Clusters + singles,0.5,0.000128,0.5,0.000256,1.2879894324107635,1.6069198768405792,0.9690589879809476,1.0625389478412681,0.23466719532797609
Many clusters,0.45,0.000112,0.45,0.0002488888888888889,1.2977401518781357,1.4597435348626222,1.1357367688936493,1.1327818217935208,0.11959733272059878
Clusters + singles,0.75,7.2e-05,0.75,9.6e-05,1.3005595171134223,0.7926155603865143,1.8085034738403305,0.7462408926021437,0.32058038746911605
Clusters + singles,0.9,0.00016,0.9,0.00017777777777777779,1.3010066005442855,1.3218299473108996,1.2801832537776712,0.9636859790916762,0.26972012156430786
Clusters + singles,0.55,8e-05,0.55,0.00014545454545454546,1.3029801192647597,1.1867537838878328,1.4192064546416863,0.913120429385589,0.2839880493569058
Clusters + singles,0.5,0.00012,0.5,0.00024,1.3033791700396646,1.5864933613232142,1.0202649787561149,1.0557640664271624,0.24078740459060508
Clusters + singles,0.5,0.000112,0.5,0.000224,1.3163008071127902,1.5653936993856103,1.06720791483997,1.0487199689816324,0.24626449063172992
Many clusters,0.45,0.000104,0.45,0.00023111111111111108,1.3297355274315892,1.4443164483671262,1.2151546064960521,1.1267801029265592,0.12370818063321352
Clusters + singles,0.5,0.000104,0.5,0.000208,1.336157931401807,1.5436110296536436,1.1287048331499705,1.041397866056035,0.2532605048010284
Clusters + singles,0.9,0.000152,0.9,0.00016888888888888889,1.3412754204960105,1.3439846837235954,1.3385661572684258,0.971728424328127,0.2758018634363285
Clusters + singles,0.85,0.000112,0.85,0.00013176470588235293,1.3421794581834208,1.1050828083200863,1.579276108046755,0.8811404897835781,0.29957551076028016
Clusters + singles,0.55,7.2e-05,0.55,0.0001309090909090909,1.3481588504554831,1.1666352871708927,1.5296824137400737,0.9053474882857324,0.2948342363681721
Clusters + singles,0.5,9.6e-05,0.5,0.000192,1.3567725836325117,1.520356153682703,1.1931890135823204,1.0335236405328674,0.26039455507587095
Many clusters,0.95,0.000112,0.95,0.00011789473684210527,1.3591179243161333,1.2779107209151335,1.440325127717133,1.0598837842386384,0.13468304285489932
Many clusters,0.45,9.6e-05,0.45,0.00021333333333333333,1.3640842373936546,1.4299533382018987,1.2982151365854104,1.1211634307654517,0.12786626668849432
Many clusters,0.95,0.000104,0.95,0.00010947368421052632,1.3653116966271996,1.3265923554123171,1.4040310378420824,1.079883078729668,0.13297530811032995
Clusters + singles,0.8,8.8e-05,0.8,0.00010999999999999999,1.3717218605767085,0.9305122232164673,1.8129314979369497,0.8085535496691837,0.3209726095045514
Many clusters,0.95,0.00012,0.95,0.0001263157894736842,1.37458824821038,1.2342485581351286,1.5149279382856313,1.0416199880423944,0.1381270187858081
Clusters + singles,0.5,8.8e-05,0.5,0.000176,1.3862500592831184,1.4980945884475068,1.2744055301187303,1.025929137634179,0.2691107827804889
Clusters + singles,0.9,0.000144,0.9,0.00016,1.3884536370016671,1.3678783417271227,1.4090289322762115,0.980328172457947,0.282967938733129
Many clusters,0.95,9.6e-05,0.95,0.00010105263157894738,1.3904410754559586,1.3798234921484183,1.401058658763499,1.1013358041202426,0.13283447702265527
Clusters + singles,0.45,0.000168,0.45,0.0003733333333333333,1.4005877199305257,1.990277344056832,0.8108980958042195,1.1825092497480076,0.21466459238371913
Clusters + singles,0.45,0.00016,0.45,0.00035555555555555557,1.4031940902587394,1.9667000722345962,0.8396881082828827,1.1754842479282284,0.21844206690228424
Many clusters,0.45,8.8e-05,0.45,0.00019555555555555553,1.4054400755541632,1.4153685221054013,1.395511629002925,1.1154311206627123,0.13257125907829298
Many clusters,0.95,0.000128,0.95,0.00013473684210526314,1.4092568212969667,1.194320923868224,1.6241927187257095,1.0246334068066985,0.1430215336045705
Clusters + singles,0.45,0.000152,0.45,0.00033777777777777777,1.40931012642509,1.9430300105821021,0.8755902422680777,1.1683891116745462,0.22306309942523253
Clusters + singles,0.45,0.000144,0.45,0.00032,1.4147615903297306,1.9197807676416272,0.9097424130178339,1.161377920422889,0.22737174612905642
Clusters + singles,0.85,0.000104,0.85,0.00012235294117647058,1.414855526792143,1.1324806921249775,1.6972303614593083,0.8919964995046303,0.3105615402163325
Clusters + singles,0.45,0.000136,0.45,0.0003022222222222222,1.417704242308437,1.8954978171637828,0.9399106674530908,1.1540095190481343,0.23111097254490082
Many clusters,0.4,0.000168,0.4,0.00041999999999999996,1.4190350636031557,1.8179382501484094,1.020131877057902,1.2641469308704252,0.11334720366398297
Clusters + singles,0.45,0.000128,0.45,0.0002844444444444444,1.4243487263578063,1.8720768174540636,0.9766206352615491,1.146857818140175,0.23558097995631552
Clusters + singles,0.5,8e-05,0.5,0.00016,1.4247412776300716,1.4757286390160906,1.3737539162440526,1.0182419835940464,0.2794034391977895
Many clusters,0.4,0.00016,0.4,0.0004,1.4334594693024254,1.809501283815646,1.0574176547892047,1.2612100961098995,0.11540003209406738
Clusters + singles,0.45,0.00012,0.45,0.0002666666666666667,1.4340681848346852,1.8474814425656363,1.020654927103734,1.1392991916265265,0.2408334150303006
Clusters + singles,0.9,0.000136,0.9,0.0001511111111111111,1.4388706151431423,1.3948902271192438,1.4828510031670408,0.9899602636080179,0.2902859615203363
Many clusters,0.95,8.8e-05,0.95,9.263157894736843e-05,1.4400542806013443,1.439006913467174,1.4411016477355147,1.124707085363642,0.13471934368192814
Clusters + singles,0.45,0.000112,0.45,0.0002488888888888889,1.4446482905036837,1.821937520314718,1.0673590606926497,1.1313956032661916,0.24628192891066722
Many clusters,0.4,0.000152,0.4,0.00038,1.4488187457336967,1.8015488100007102,1.0960886814666835,1.2584356343233287,0.11749124276389776
Many clusters,0.95,0.000136,0.95,0.0001431578947368421,1.4499736090227167,1.1552681430897689,1.7446790749556647,1.0077420708763907,0.14823147398903416
Many clusters,0.45,8e-05,0.45,0.00017777777777777779,1.4501741451908579,1.393464780423068,1.5068835099586477,1.1067664587699286,0.13775979606550742
Clusters + singles,0.5,7.2e-05,0.5,0.000144,1.4548044602798471,1.449898019965994,1.4597109005937001,1.0092911734973429,0.2880120785405482
Clusters + singles,0.45,0.000104,0.45,0.00023111111111111108,1.4579322726099846,1.7951644713503856,1.1207000738695836,1.1230520089771927,0.2523608468496852
Many clusters,0.4,0.000144,0.4,0.00035999999999999997,1.4652563241513588,1.793539451364933,1.1369731969377848,1.2556351301478776,0.11966241526271283
Clusters + singles,0.8,8e-05,0.8,0.0001,1.4696854173098939,0.9589890941349795,1.980381740484808,0.8208325708308997,0.33546848896639797
Clusters + singles,0.45,9.6e-05,0.45,0.00021333333333333333,1.475174356517058,1.7671848188565513,1.1831638941775648,1.114265625289497,0.25929833606484853
Clusters + singles,0.45,8.8e-05,0.45,0.00019555555555555553,1.4792498930434799,1.7397481484987687,1.2187516375881908,1.1055819466105303,0.2631690919404901
Many clusters,0.4,0.000136,0.4,0.00033999999999999997,1.486954124050103,1.7857278265050556,1.1881804215951506,1.2528977345441448,0.12232742868696528
Many clusters,0.95,0.000144,0.95,0.00015157894736842108,1.4869737384632153,1.1191760561097341,1.8547714208166963,0.9918755752467484,0.15283676924919798
Clusters + singles,0.45,8e-05,0.45,0.00017777777777777779,1.4908160152030752,1.7120686974935144,1.269563332912636,1.0967517608495954,0.2685990431493738
Clusters + singles,0.9,0.000128,0.9,0.0001422222222222222,1.4929843515064891,1.4253860566617893,1.560582646351189,1.000723273029611,0.2977972359415811
Clusters + singles,0.85,9.6e-05,0.85,0.00011294117647058824,1.496982365584361,1.1645638191373848,1.8294009120313373,0.9045433673975588,0.3224272368515299
Clusters + singles,0.4,0.000168,0.4,0.00041999999999999996,1.5037834618142032,2.231454192079514,0.7761127315488927,1.2521078399442216,0.21000985724026075
Many clusters,0.95,8e-05,0.95,8.421052631578949e-05,1.507514175007549,1.501110739894706,1.5139176101203922,1.148720461476787,0.1380809516134712
Many clusters,0.4,0.000128,0.4,0.00031999999999999997,1.509368378148823,1.7751708021552735,1.2435659541423725,1.249188748593505,0.12514602589310242
Clusters + singles,0.45,7.2e-05,0.45,0.00016,1.5095769806635237,1.6830885282471566,1.3360654330798911,1.0874297913744244,0.27554411494291287
Clusters + singles,0.4,0.00016,0.4,0.0004,1.5150799080591977,2.220972156217867,0.8091876599005288,1.2491635517399144,0.21443807572808896
Many clusters,0.45,7.2e-05,0.45,0.00016,1.5233974793582037,1.3709535755315543,1.675841383184853,1.0977902395649735,0.1452777504326619
Clusters + singles,0.4,0.000152,0.4,0.00038,1.5243539470249556,2.2101410841967204,0.8385668098531908,1.246113915129527,0.21829616715088457
Many clusters,0.4,0.00012,0.4,0.0003,1.5267894866666931,1.759598090957581,1.2939808823758052,1.2436974158029896,0.12765757228332125
Clusters + singles,0.4,0.000144,0.4,0.00035999999999999997,1.5364818040526578,2.1997053116278567,0.8732582964774588,1.2431685039719043,0.2227658611547213
Many clusters,0.95,0.000152,0.95,0.00016,1.5366937943093664,1.0853769872620669,1.9880106013566656,0.9767834564899204,0.15823115529752996
Clusters + singles,0.4,0.000136,0.4,0.00033999999999999997,1.5487769984318138,2.1882951380295297,0.9092588588340982,1.2399400690502722,0.2273113107951905
Clusters + singles,0.4,0.000104,0.4,0.00026,1.5503379697589674,2.1093120295900603,0.9913639099278747,1.2173575725485348,0.2373525096636067
Clusters + singles,0.4,0.000112,0.4,0.00028,1.5512937763092456,2.1343547420097977,0.9682328106086933,1.2245627614063812,0.23456714049667715
Clusters + singles,0.4,0.00012,0.4,0.0003,1.5521165250912146,2.1582476812966327,0.9459853688857963,1.2313978425899152,0.23185661204207103
Clusters + singles,0.35,0.000168,0.35,0.00048,1.5521645863000724,2.3586142820445786,0.745714890555566,1.2872894466271967,0.20585607286453123
Many clusters,0.4,0.000112,0.4,0.00028,1.5522825654720491,1.7422719003116507,1.3622932306324478,1.2375591258190604,0.13098390996861728
Clusters + singles,0.4,9.6e-05,0.4,0.00024,1.5524266968235383,2.0826482589232227,1.0222051347238539,1.2096388055589387,0.24101623888758453
Clusters + singles,0.4,0.000128,0.4,0.00031999999999999997,1.554075682257871,2.1771963392744516,0.9309550252412903,1.2367916501969185,0.2300073032732852
Clusters + singles,0.35,0.000136,0.35,0.0003885714285714286,1.5552704052948267,2.3189773625370025,0.7915634480526512,1.2764270566797888,0.212089975353257
Clusters + singles,0.4,8.8e-05,0.4,0.00021999999999999998,1.555893554186955,2.0559318158202653,1.0558552925536446,1.2018550718831744,0.24495114644267232
Clusters + singles,0.35,0.000144,0.35,0.0004114285714285715,1.5570402964272054,2.3291331095140806,0.7849474833403302,1.2792190004008646,0.21120178117755156
Clusters + singles,0.35,0.00016,0.35,0.0004571428571428572,1.557298719749968,2.3485642207821438,0.7660332187177918,1.2845439471093902,0.20864168302843913
Clusters + singles,0.35,0.000128,0.35,0.00036571428571428573,1.558555317510761,2.30871866967942,0.8083919653421017,1.27360059806569,0.21433261862303446
Clusters + singles,0.9,0.00012,0.9,0.00013333333333333334,1.558602331290138,1.4582093123126156,1.6589953502676602,1.0121798342143538,0.3070434662554457
Clusters + singles,0.35,0.000152,0.35,0.00043428571428571436,1.5595447821224022,2.338988961108304,0.7801006031365001,1.2819226851066678,0.21054870891078548
Clusters + singles,0.35,0.00012,0.35,0.0003428571428571429,1.562080725810147,2.2993933165615292,0.8247681350587648,1.2710258381166857,0.21649267798536512
Clusters + singles,0.8,7.2e-05,0.8,8.999999999999999e-05,1.562391273299387,0.9937546688641092,2.1310278777346645,0.835578656126265,0.34799406837738395
Clusters + singles,0.35,0.000112,0.35,0.00032,1.5651688886167456,2.2897638158654905,0.8405739613680008,1.2683616168364316,0.2185572623940899
Clusters + singles,0.4,8e-05,0.4,0.0002,1.5685922651892787,2.029430553076605,1.1077539773019525,1.1940839036787918,0.25089900257724346
Many clusters,0.4,0.000104,0.4,0.00026,1.5715875613607069,1.7237831207016643,1.4193920020197492,1.2309751980589778,0.13370074520522154
Clusters + singles,0.35,0.000104,0.35,0.00029714285714285715,1.5742534251232914,2.2814115239308865,0.8670953263156964,1.2660462241569301,0.22197839069155956
Many clusters,0.95,0.00016,0.95,0.00016842105263157898,1.577928289652992,1.0537981763564388,2.1020584029495453,0.9624689156117944,0.1627065513581842
Clusters + singles,0.95,0.000168,0.95,0.0001768421052631579,1.5779305824832954,1.786604392814575,1.369256772152016,1.1203712236989516,0.27894573438729764
Clusters + singles,0.4,7.2e-05,0.4,0.00017999999999999998,1.5839731470331435,2.0001918377080563,1.1677544563582307,1.185450904109101,0.25760426107028594
Clusters + singles,0.35,9.6e-05,0.35,0.0002742857142857143,1.5856047987791377,2.2741514704428236,0.897058127115452,1.2640301723919236,0.2257810915863507
Many clusters,0.4,9.6e-05,0.4,0.00024,1.5921167257179516,1.7064874701923876,1.4777459812435156,1.2247841085330267,0.13642141332065022
Clusters + singles,0.85,8.8e-05,0.85,0.00010352941176470589,1.5976694287318702,1.2013602471467346,1.9939786103170056,0.9187225482635235,0.3366181458195577
Clusters + singles,0.35,8.8e-05,0.35,0.00025142857142857145,1.5987554614081125,2.267718378184308,0.9297925446319167,1.2622410695925972,0.22986365371782316
Many clusters,0.95,7.2e-05,0.95,7.578947368421054e-05,1.603858165626073,1.570267469419683,1.6374488618324634,1.174883508328797,0.14360399563025134
Clusters + singles,0.35,8e-05,0.35,0.0002285714285714286,1.6172221101116975,2.2617118211535323,0.9727323990698626,1.2605682979260702,0.2351115509913959
Many clusters,0.4,8.8e-05,0.4,0.00021999999999999998,1.6178257455774245,1.6884994974635776,1.5471519936912714,1.2183118228017829,0.13958833969848777
Clusters + singles,0.95,0.00016,0.95,0.00016842105263157898,1.6271602453270528,1.8176071789096544,1.4367133117444513,1.1300502651875957,0.28573427155101777
Clusters + singles,0.9,0.000112,0.9,0.00012444444444444444,1.6293192997582961,1.4942429229010084,1.7643956766155842,1.024609434891256,0.3166469201858829
Many clusters,0.95,0.000168,0.95,0.0001768421052631579,1.6312727138401693,1.0239602208821,2.2385852067982386,0.9487450730314249,0.1679072565700105
Clusters + singles,0.35,7.2e-05,0.35,0.00020571428571428574,1.6418657800728038,2.256409081146919,1.0273224789986888,1.2590896859008611,0.24161877123178796
Many clusters,0.4,8e-05,0.4,0.0002,1.6492967314968787,1.6703247162073678,1.6282687467863899,1.2117372106597017,0.143200882548482
Many clusters,0.35,0.000168,0.35,0.00048,1.6784025705053085,2.062446019969085,1.294359121041532,1.346478075346526,0.12767622847155397
Clusters + singles,0.95,0.000152,0.95,0.00016,1.6816085874131765,1.8496023993339248,1.5136147754924283,1.139952976598319,0.29328169330857773
Many clusters,0.35,0.00016,0.35,0.0004571428571428572,1.6948701159782962,2.0525906133725966,1.337149618583996,1.3432571474870156,0.12976950660453407
Many clusters,0.4,7.2e-05,0.4,0.00017999999999999998,1.6981062264011717,1.651913925816258,1.7442985269860856,1.2050406519441235,0.1482153070436111
Clusters + singles,0.85,8e-05,0.85,9.411764705882353e-05,1.708679186804178,1.243571379563406,2.17378699404495,0.9347233806658125,0.35146798280005603
Clusters + singles,0.9,0.000104,0.9,0.00011555555555555554,1.7099579978899233,1.5345076508442776,1.8854083449355692,1.038322525903629,0.32732561181528097
Many clusters,0.35,0.000152,0.35,0.00043428571428571436,1.7121086754588546,2.0430983081893626,1.3811190427283466,1.340147569197059,0.1318858515111415
Many clusters,0.35,0.000144,0.35,0.0004114285714285715,1.7303299247229558,2.0334919271622947,1.4271679222836169,1.3369932577425856,0.134066474451928
Clusters + singles,0.95,0.000144,0.95,0.00015157894736842108,1.737133928555205,1.8840900407970318,1.5901778163133782,1.1505316596548734,0.300607714088149
Many clusters,0.35,0.000136,0.35,0.0003885714285714286,1.7540784311943778,2.0240094170402214,1.4841474453485344,1.3338723044561385,0.1367165767227369
Many clusters,0.35,0.000128,0.35,0.00036571428571428573,1.7797781660770193,2.0143097865488087,1.54524654560523,1.3306723177492632,0.13950235581327486
Clusters + singles,0.95,0.000136,0.95,0.0001431578947368421,1.7947868572064858,1.9229175062304333,1.6666562081825382,1.1623263235325902,0.307751577680187
Many clusters,0.35,0.00012,0.35,0.0003428571428571429,1.7969982292609237,2.005298598740911,1.5886978597809365,1.3276925430021034,0.14145011544960798
Clusters + singles,0.9,9.6e-05,0.9,0.00010666666666666667,1.8108574880691775,1.5807577069694085,2.0409572691689464,1.0538538848459478,0.34056046636175125
Clusters + singles,0.85,7.2e-05,0.85,8.470588235294118e-05,1.827425859239038,1.2933031157703996,2.3615486027076766,0.9532304539476383,0.3663327278587142
Many clusters,0.35,0.000112,0.35,0.00032,1.8394675125198736,1.9945777619145533,1.6843572631251942,1.3241386955208612,0.14564640112646562
Clusters + singles,0.95,0.000128,0.95,0.00013473684210526314,1.862454011294842,1.965539039523369,1.7593689830663148,1.1751372257349497,0.31619554118588644
Clusters + singles,1.0,0.000168,1.0,0.000168,1.8733426420593067,2.31192320367813,1.4347620804404833,1.2744841793414565,0.28554017469154686
Many clusters,0.35,0.000104,0.35,0.00029714285714285715,1.8765095166584298,1.9826818591754,1.7703371741414593,1.320184128749015,0.14931747781930366
Many clusters,0.35,9.6e-05,0.35,0.0002742857142857143,1.9139825017948242,1.9718659122199291,1.8560990913697193,1.316578263154681,0.1528914607804566
Clusters + singles,1.0,0.00016,1.0,0.00016,1.918262819298386,2.343010880695832,1.4935147579009398,1.2830243524478624,0.2913278709597454
Clusters + singles,0.9,8.8e-05,0.9,9.777777777777777e-05,1.9227234784431104,1.6319789897942614,2.2134679670919595,1.0707917797317363,0.3546613774653703
Many clusters,0.35,8.8e-05,0.35,0.00025142857142857145,1.9289413498618355,1.960407472476661,1.8974752272470101,1.3127473960405476,0.15458619527718112
Many clusters,0.35,8e-05,0.35,0.0002285714285714286,1.9335751535317585,1.9490868324285109,1.918063474635006,1.3089515889074934,0.1554225888374564
Clusters + singles,0.95,0.00012,0.95,0.0001263157894736842,1.939371488428752,2.011173811508832,1.8675691653486723,1.1887007849206188,0.3257734020863642
Many clusters,0.35,7.2e-05,0.35,0.00020571428571428574,1.9455736924202118,1.9375036988880128,1.9536436859524107,1.3050563406283344,0.15685751485538188
Clusters + singles,1.0,0.000152,1.0,0.000152,1.971925238851911,2.37469963819278,1.569150839511042,1.291671537736623,0.2986136270296222
Many clusters,1.0,0.000112,1.0,0.000112,1.9942114219585703,1.9442687370874225,2.0441541068297178,1.3073327395710905,0.16044990632888256
Many clusters,1.0,0.000104,1.0,0.000104,1.9943291163604975,2.0080467054883786,1.9806115272326164,1.328601981538843,0.1579364246181538
Many clusters,1.0,9.6e-05,1.0,9.6e-05,2.017073341532907,2.0774292043678204,1.956717478697994,1.3513601476016162,0.15698086334399883
Many clusters,1.0,0.00012,1.0,0.00012,2.018934592719006,1.8866361205782183,2.1512330648597944,1.2878108013356457,0.16459869333387056
Clusters + singles,0.95,0.000112,0.95,0.00011789473684210527,2.0213707286499867,2.060753275734976,1.9819881815649978,1.2032635093210826,0.335604523627566
Clusters + singles,1.0,0.000144,1.0,0.000144,2.027600241133084,2.409158889270648,1.6460415929955192,1.301009502620229,0.30584238965036786
Clusters + singles,0.9,8e-05,0.9,8.888888888888889e-05,2.0485207547184654,1.6902048105242042,2.406836698912726,1.0897262525255045,0.3698286807289861
Many clusters,1.0,0.000128,1.0,0.000128,2.0648951194624523,1.8337529180252359,2.2960373208996687,1.2696335784637112,0.17004823263210395
Many clusters,1.0,8.8e-05,1.0,8.8e-05,2.067284827921104,2.154141987166346,1.9804276686758615,1.3760846607105042,0.15792909389311915
Clusters + singles,1.0,0.000136,1.0,0.000136,2.089040248193627,2.4469224051507146,1.7311580912365396,1.3111665032470299,0.3136502519881053
Many clusters,1.0,0.000136,1.0,0.000136,2.118002255574679,1.7818410215991685,2.454163489550189,1.251533466777666,0.17580628483067715
Clusters + singles,0.95,0.000104,0.95,0.00010947368421052632,2.1185074770645196,2.1157336285386803,2.121281325590359,1.2192092287330596,0.34719735674960134
Many clusters,1.0,8e-05,1.0,8e-05,2.144936757725162,2.2339812886727035,2.0558922267776203,1.4013536740736998,0.1609099216103404
Clusters + singles,1.0,0.000128,1.0,0.000128,2.1631993499337883,2.487841948132925,1.8385567517346515,1.3220842759111942,0.3232330765152381
Many clusters,1.0,0.000144,1.0,0.000144,2.1661262951084326,1.733550601759226,2.5987019884576394,1.234457812149743,0.18090929882759668
Clusters + singles,0.9,7.2e-05,0.9,8e-05,2.186156005146799,1.7561617988995684,2.616150211394029,1.1107850086739326,0.3855747751000618
Many clusters,1.0,0.000152,1.0,0.000152,2.217391919137691,1.6880189120901725,2.746764926185209,1.218138430831293,0.18599162875243513
Clusters + singles,0.95,9.6e-05,0.95,0.00010105263157894738,2.232724550832573,2.1775877210744135,2.2878613805907326,1.2369028105873254,0.36057210852148913
Clusters + singles,1.0,0.00012,1.0,0.00012,2.2403439529128395,2.5315749858181142,1.9491129200075645,1.333653916793651,0.33280954697193277
Many clusters,1.0,7.2e-05,1.0,7.2e-05,2.2525437837768156,2.322265059719696,2.182822507833935,1.4287751391551877,0.16580280084997173
Many clusters,1.0,0.00016,1.0,0.00016,2.2680303040957095,1.645173026238127,2.890887581953292,1.2025794577782174,0.19080873521503677
Clusters + singles,1.05,0.000168,1.05,0.00015999999999999999,2.2680815800225456,2.822473516286287,1.713689643758804,1.408194632603063,0.3120637779586401
Clusters + singles,1.05,0.00016,1.05,0.0001523809523809524,2.3230806709711516,2.8635894634319023,1.782571878510401,1.418414377469414,0.31827373543127896
Clusters + singles,1.0,0.000112,1.0,0.000112,2.3294306542630796,2.5790401875742504,2.0798211209519093,1.3460983801469653,0.3437876473196307
Many clusters,1.0,0.000168,1.0,0.000168,2.332194077605601,1.6043847564177656,3.0600033987934365,1.1875783027888591,0.19631053446615823
Clusters + singles,0.95,8.8e-05,0.95,9.263157894736843e-05,2.361028716660918,2.245598665461045,2.4764587678607906,1.256069926534453,0.3751395270855522
Clusters + singles,1.05,0.000152,1.05,0.00014476190476190475,2.3749842588246617,2.9056830731286905,1.844285444520633,1.4288014049649678,0.3237362600098519
Clusters + singles,1.0,0.000104,1.0,0.000104,2.434075939969394,2.6320742723148105,2.236077607623977,1.3598681963678405,0.35646813347351686
Clusters + singles,1.05,0.000144,1.05,0.00013714285714285713,2.4360751471861093,2.951050510345245,1.9210997840269732,1.4399123888819738,0.3304092806339887
Clusters + singles,1.05,0.000136,1.05,0.00012952380952380952,2.500263896132715,3.0013244445244998,1.9992033477409303,1.4521257262453238,0.33705887041735527
Clusters + singles,0.95,8e-05,0.95,8.421052631578949e-05,2.5049300307855606,2.321482825935264,2.6883772356358575,1.2771164075083492,0.3908610374795144
Clusters + singles,1.0,9.6e-05,1.0,9.6e-05,2.5552780611161623,2.6941662792146515,2.4163898430176727,1.3758146985209794,0.3705619103301405
Clusters + singles,1.05,0.000128,1.05,0.0001219047619047619,2.5759996524865527,3.0540995289440764,2.097899776029029,1.4648371305225507,0.3452785857260799
Clusters + singles,1.05,0.00012,1.05,0.00011428571428571428,2.657511303267933,3.110973848710507,2.2040487578253583,1.4784135253523536,0.35390595852541895
Clusters + singles,0.95,7.2e-05,0.95,7.578947368421054e-05,2.662101017110037,2.406534587356624,2.9176674468634505,1.3003007133338413,0.40718818759652753
Clusters + singles,1.0,8.8e-05,1.0,8.8e-05,2.697709408937347,2.7656542409096727,2.6297645769650204,1.3939483718439862,0.3865767329121132
Clusters + singles,1.05,0.000112,1.05,0.00010666666666666667,2.752464226759299,3.1723321622447225,2.3325962912738754,1.4929218489849612,0.3640802043124366
Many clusters,1.05,0.000104,1.05,9.904761904761904e-05,2.7661562131327493,2.8084449409708605,2.7238674852946376,1.5712342880946994,0.18521477944357642
Many clusters,1.05,0.000112,1.05,0.00010666666666666667,2.7750756116652457,2.7446912493666518,2.8054599739638393,1.5532978450143597,0.18796833282042458
Many clusters,1.05,9.6e-05,1.05,9.142857142857143e-05,2.7768288442239975,2.877862921512907,2.6757947669350886,1.5905343132386376,0.18357310385950262
Many clusters,1.05,0.00012,1.05,0.00011428571428571428,2.793714740268007,2.6866595030600666,2.9007699774759472,1.536789219905728,0.1911345933781842
Many clusters,1.05,8.8e-05,1.05,8.38095238095238e-05,2.817897550234048,2.955393999462981,2.6804011010051148,1.6118168236000816,0.18373104486547842
Many clusters,1.05,0.000128,1.05,0.0001219047619047619,2.853667070376079,2.6340044068373456,3.0733297339148122,1.521655147503399,0.1967375369121871
Clusters + singles,1.0,8e-05,1.0,8e-05,2.8538533485906328,2.8454665315228542,2.8622401656584118,1.4139188608917825,0.4033019406086726
Clusters + singles,1.05,0.000104,1.05,9.904761904761904e-05,2.8686372933804094,3.240556880903887,2.4967177058569323,1.5088899688547712,0.37667083638120696
Many clusters,1.05,8e-05,1.05,7.61904761904762e-05,2.8900009234027424,3.0375188404273668,2.742483006378118,1.6340580509323424,0.185846601442258
Many clusters,1.05,0.000136,1.05,0.00012952380952380952,2.919394566818977,2.5825689252725588,3.256220208365396,1.5067248513338631,0.20250676438229123
Many clusters,1.05,0.000168,1.05,0.00015999999999999999,2.946172648156148,2.391427580942936,3.5009177153693605,1.449895185527561,0.20997790709982905
Many clusters,1.05,7.2e-05,1.05,6.857142857142857e-05,2.998294993470187,3.128867635038018,2.8677223519023562,1.6584469590913828,0.19004270426274988
Clusters + singles,1.05,9.6e-05,1.05,9.142857142857143e-05,2.9993117813373438,3.3196518651768807,2.6789716974978073,1.5271933260646766,0.3901767065351648
Many clusters,1.05,0.00016,1.05,0.0001523809523809524,3.0097955191714547,2.4447183612772663,3.5748726770656427,1.4659609710772306,0.21218415048495876
Many clusters,1.05,0.000144,1.05,0.00013714285714285713,3.024403269917928,2.534934654066888,3.513871885768968,1.492764763714998,0.21036603076066057
Clusters + singles,1.0,7.2e-05,1.0,7.2e-05,3.0272457531537267,2.935543324096063,3.11894818221139,1.4361241784720278,0.4209992824015322
Many clusters,1.05,0.000152,1.05,0.00014476190476190475,3.078446454079735,2.4898751826655796,3.667017725493891,1.479438032580355,0.21490135589894283
Clusters + singles,1.05,8.8e-05,1.05,8.38095238095238e-05,3.150725101795449,3.408525489707924,2.892924713882974,1.5475012907078507,0.40545796996328415
Clusters + singles,1.05,8e-05,1.05,7.61904761904762e-05,3.321499379836155,3.5075746599905044,3.135424099681806,1.5698248833817412,0.4221097870949626
Random spaced,0.95,0.000168,0.95,0.0001768421052631579,3.3965163488551497,5.902277185020269,0.8907555126900302,1.596420776167082,0.6269854885978607
Random spaced,1.0,0.000168,1.0,0.000168,3.4008260848462664,5.834654160384272,0.9669980093082614,1.5872492484115681,0.6532674508609893
Random spaced,0.95,0.00016,0.95,0.00016842105263157898,3.414452849897232,5.890844918167896,0.9380607816265678,1.5948739533154195,0.6434187603870014
Random spaced,1.0,0.00016,1.0,0.00016,3.4230473550907083,5.827001000131531,1.0190937100498854,1.5862079305786043,0.6706335720046035
Random spaced,0.9,0.000168,0.9,0.00018666666666666666,3.4252682892370325,6.033276146793296,0.8172604316807698,1.6140395502719533,0.6005628534005043
Random spaced,0.95,0.000152,0.95,0.00016,3.434354897972188,5.879938709306849,0.9887710866375268,1.5933969082653474,0.6605810471899429
Random spaced,0.9,0.00016,0.9,0.00017777777777777779,3.4383367544701833,6.01736883126728,0.8593046776730865,1.6119103602764675,0.6158172044576482
Random spaced,1.0,0.000152,1.0,0.000152,3.44778730248546,5.821125905805726,1.0744486991651947,1.585408079042073,0.6886064275262158
Random spaced,1.05,0.000168,1.05,0.00015999999999999999,3.448199843566223,5.83953387434151,1.0568658127909356,1.587912844175589,0.6829488133728044
Random spaced,0.9,0.000152,0.9,0.00016888888888888889,3.4539179155376236,6.00259383599965,0.9052419950755971,1.6099302086546199,0.632063303220844
Random spaced,0.95,0.000144,0.95,0.00015157894736842108,3.457290351368529,5.870022722134843,1.0445579806022145,1.5920527811349958,0.6789604948275381
Random spaced,0.9,0.000144,0.9,0.00016,3.471926439679647,5.988064319796235,0.9557885595630586,1.6079805782225727,0.649470072847826
Random spaced,1.05,0.00016,1.05,0.0001523809523809524,3.476060951022535,5.8378103488351,1.1143115532099706,1.5876784924004024,0.7012640032393341
Random spaced,1.0,0.000144,1.0,0.000144,3.4762309656407835,5.81663164146437,1.135830289817197,1.5847959449873226,0.7080027637002989
Random spaced,0.85,0.000168,0.85,0.0001976470588235294,3.480881809034003,6.2182110913706135,0.7435525266973927,1.6385900037707786,0.572840950669657
Random spaced,0.95,0.000136,0.95,0.0001431578947368421,3.4834435115908526,5.8628328515559165,1.1040541716257886,1.5910774730964445,0.6980289284035914
Random spaced,0.85,0.00016,0.85,0.00018823529411764707,3.490071827690747,6.197665373522484,0.7824782818590099,1.6358807146710603,0.587644094481988
Random spaced,0.9,0.000136,0.9,0.0001511111111111111,3.492757208140496,5.976195322777622,1.0093190935033696,1.6063861912680049,0.6674096386878178
Random spaced,0.85,0.000152,0.85,0.00017882352941176472,3.5020667895010837,6.180089493473171,0.824044085528996,1.6335594812044867,0.6030501825300654
Random spaced,1.05,0.000152,1.05,0.00014476190476190475,3.50641154419709,5.837333714183048,1.175489374211132,1.5876136771711056,0.7202571592171628
Random spaced,1.0,0.000136,1.0,0.000136,3.5085864417603556,5.815935553814474,1.201237329706237,1.584701114339697,0.7281026972213546
Clusters + singles,1.05,7.2e-05,1.05,6.857142857142857e-05,3.5117106814834416,3.617990613405844,3.405430749561039,1.594341918599919,0.43990946110745677
Random spaced,0.85,0.000144,0.85,0.00016941176470588237,3.515720203356848,6.162078584596072,0.8693618221176242,1.6311773669433343,0.6194104272795006
Random spaced,0.95,0.000128,0.95,0.00013473684210526314,3.516779645515719,5.864884762301388,1.1686745287300504,1.5913558763395748,0.7181662955450014
Random spaced,0.9,0.000128,0.9,0.0001422222222222222,3.5184776248315432,5.970966718596207,1.0659885310668795,1.6056833197064535,0.685890039394505
Random spaced,0.85,0.000136,0.85,0.00016,3.531322154007765,6.145372079284808,0.9172722287307219,1.6289646582907735,0.636249351151266
Random spaced,1.05,0.000144,1.05,0.00013714285714285713,3.5418146137669826,5.8396547449935765,1.2439744825403884,1.5879292779416958,0.7409415778432975
Random spaced,0.9,0.00012,0.9,0.00013333333333333334,3.5485922769794427,5.966106120088361,1.1310784338705242,1.6050296423983526,0.7065202124336141
Random spaced,1.0,0.000128,1.0,0.000128,3.5488311738920815,5.824923436335591,1.2727389114485719,1.585925131419812,0.7494590201326232
Random spaced,0.85,0.000128,0.85,0.00015058823529411763,3.5523148731873495,6.134748383671021,0.9698813627036781,1.6275560283383126,0.6542406684290148
Random spaced,0.95,0.00012,0.95,0.0001263157894736842,3.5540717697179462,5.865893636919585,1.2422499025163074,1.591492742585013,0.7404277987254958
Random spaced,0.8,0.000168,0.8,0.00020999999999999998,3.5628112657038677,6.448306141228589,0.6773163901791461,1.6686313337350518,0.5467314067661618
Random spaced,0.8,0.00016,0.8,0.0002,3.568807483805303,6.425081060511781,0.712533907098825,1.665623640316779,0.5607651270524856
Random spaced,0.85,0.00012,0.85,0.0001411764705882353,3.5764016111299624,6.124449924555287,1.0283532977046375,1.6261893578227675,0.6736734045096496
Random spaced,0.8,0.000152,0.8,0.00019,3.576796591260569,6.403020003816206,0.7505731787049321,1.6627616519928166,0.5755389902024306
Random spaced,1.05,0.000136,1.05,0.00012952380952380952,3.5817950554646423,5.845492227949389,1.3180978829798957,1.588722749057808,0.7626970404790663
Random spaced,0.9,0.000112,0.9,0.00012444444444444444,3.5853523664915836,5.9650499349833765,1.205654797999791,1.6048875661932076,0.7294402426541967
Random spaced,0.8,0.000144,0.8,0.00017999999999999998,3.587094166400494,6.383034636741014,0.7911536960599734,1.660164684240728,0.5908927489002158
Random spaced,1.0,0.00012,1.0,0.00012,3.5936919559643665,5.834249329200395,1.3531345827283385,1.5871941826680778,0.7727672828034763
Random spaced,0.95,0.000112,0.95,0.00011789473684210527,3.5988071715504995,5.873042252673449,1.3245720904275498,1.5924622032247777,0.7645678462626527
Random spaced,0.8,0.000136,0.8,0.00016999999999999999,3.5992675851426235,6.362659121829143,0.835876048456104,1.657512830518825,0.6073641731280606
Random spaced,0.85,0.000112,0.85,0.00013176470588235293,3.605352734537077,6.1163056716510855,1.094399797423068,1.6251077502113394,0.6949702788619516
Random spaced,0.8,0.000128,0.8,0.00015999999999999999,3.615552622467684,6.347425308951605,0.8836799359837632,1.6555273892275424,0.6244903433248993
Random spaced,0.9,0.000104,0.9,0.00011555555555555554,3.6280265307953465,5.970452194795954,1.285600866794739,1.60561413659749,0.7532364159053031
Random spaced,1.05,0.000128,1.05,0.0001219047619047619,3.629176269174975,5.8611370766570525,1.3972154616928973,1.5908473535928789,0.7852535734113621
Random spaced,0.8,0.00012,0.8,0.00015,3.6344863863764973,6.3316608339677565,0.9373119387852384,1.6534702760220694,0.6431618923149947
Random spaced,0.85,0.000104,0.85,0.00012235294117647058,3.6414871974748855,6.114154490085035,1.168819904864736,1.6248219396694035,0.7182109619559341
Random spaced,1.0,0.000112,1.0,0.000112,3.6476992316064716,5.850355095965458,1.445043367247485,1.589383441318264,0.7985804432660765
Random spaced,0.95,0.000104,0.95,0.00010947368421052632,3.6507771518764645,5.887184259906891,1.4143700438460378,1.594378337162284,0.7900594182964801
Random spaced,0.8,0.000112,0.8,0.00014,3.6577218755052185,6.318323304047027,0.9971204469634102,1.6517278552119061,0.6633642165426938
Random spaced,0.75,0.000168,0.75,0.000224,3.6670057108372935,6.716202951984379,0.6178084696902074,1.7029405080563733,0.5221618746242073
Random spaced,1.05,0.00012,1.05,0.00011428571428571428,3.6694938506680836,5.852064023365726,1.4869236779704411,1.5896155590740357,0.810070036725598
Random spaced,0.75,0.00016,0.75,0.00021333333333333336,3.6695646157841684,6.690335953181094,0.6487932783872428,1.6996579646215215,0.5350956258763435
Random spaced,0.75,0.000152,0.75,0.00020266666666666667,3.674523000623063,6.665811281198177,0.6832347200479494,1.6965398981866462,0.5491148564958945
Random spaced,0.9,9.6e-05,0.9,0.00010666666666666667,3.680126855339481,5.983417412688962,1.37683629799,1.6073565379494426,0.7795058582218565
Random spaced,0.75,0.000144,0.75,0.000192,3.6814066291980554,6.64244852268502,0.7203647357110914,1.6935642181956385,0.5638381431609275
Random spaced,0.85,9.6e-05,0.85,0.00011294117647058824,3.685375841385104,6.118985294964722,1.2517663878054852,1.62546370035465,0.7432584799230844
Random spaced,0.8,0.000104,0.8,0.00013,3.686891980023202,6.309245856862957,1.0645381031834464,1.6505409215313567,0.6854232554458226
Random spaced,0.75,0.000136,0.75,0.00018133333333333334,3.6901770095955078,6.61992947781214,0.7604245413788755,1.6906910437531517,0.5793036864656856
Random spaced,0.75,0.000128,0.75,0.00017066666666666665,3.7024554871074105,6.600798402398641,0.8041125718161805,1.6882462941351972,0.5957124216319943
Random spaced,1.0,0.000104,1.0,0.000104,3.7100247737318544,5.874572998051755,1.5454765494119544,1.5926697187879604,0.8258657198492774
Random spaced,0.95,9.6e-05,0.95,0.00010105263157894738,3.71342925651999,5.91007319640403,1.5167853166359495,1.5974747428939653,0.818163852336433
Random spaced,1.05,0.000112,1.05,0.00010666666666666667,3.7158251332806516,5.845502398139415,1.5861478684218875,1.588724131114665,0.8366620414068795
Random spaced,0.75,0.00012,0.75,0.00016,3.7162920971873072,6.579522023782828,0.8530621705917866,1.6855232326975087,0.6135762935443659
Random spaced,0.8,9.6e-05,0.8,0.00012,3.7231067072432404,6.305734757971837,1.140478656514644,1.6500815941398588,0.7094500292917473
Random spaced,0.75,0.000112,0.75,0.00014933333333333332,3.7346952891216176,6.562211431534929,0.9071791467083062,1.683304483228956,0.6327392264178862
Random spaced,0.85,8.8e-05,0.85,0.00010352941176470589,3.7388338191546584,6.130114172371637,1.3475534659376798,1.6269411813226116,0.7711719644436278
Random spaced,0.9,8.8e-05,0.9,9.777777777777777e-05,3.744196287417081,6.004737902449153,1.483654672385009,1.610217708463776,0.809179076216787
Random spaced,0.75,0.000104,0.75,0.00013866666666666666,3.757917430285989,6.548076672230319,0.9677581883416583,1.6814906183346643,0.6535241745852054
Random spaced,0.7,0.000168,0.7,0.00024,3.7621941404707298,6.960424804379153,0.5639634765623064,1.7336261273649443,0.4988887601290819
Random spaced,0.7,0.00016,0.7,0.0002285714285714286,3.7679735185826924,6.944376958271268,0.5915700788941166,1.7316264635160552,0.5109534427773897
Random spaced,0.8,8.8e-05,0.8,0.00010999999999999999,3.7684907879759995,6.30932254038703,1.2276590355649686,1.650550951962313,0.7360666012396044
Random spaced,1.05,0.000104,1.05,9.904761904761904e-05,3.7715551510036347,5.847499640083177,1.695610661924093,1.5889955188641922,0.8650501769353444
Random spaced,0.7,0.000152,0.7,0.00021714285714285718,3.7753496032127005,6.928422998784256,0.622276207641145,1.7296362069403362,0.524046504009205
Random spaced,1.0,9.6e-05,1.0,9.6e-05,3.784511633174983,5.908900165559228,1.6601231007907375,1.5973162016985858,0.8559499607731929
Random spaced,0.7,0.000144,0.7,0.00020571428571428574,3.7852728645087526,6.9137855055054525,0.6567602235120528,1.727808162923455,0.5383709911673752
Random spaced,0.75,9.6e-05,0.75,0.000128,3.7867306573640724,6.538236695170813,1.035224619557332,1.6802267319613797,0.6759203559638308
Random spaced,0.95,8.8e-05,0.95,9.263157894736843e-05,3.7893914130999384,5.942622203887768,1.6361606223121092,1.6018676515257035,0.849750048507618
Random spaced,0.7,0.000136,0.7,0.0001942857142857143,3.796783976251168,6.900985133161514,0.692582819340822,1.7262079661782315,0.5528586219649488
Random spaced,0.85,8e-05,0.85,9.411764705882353e-05,3.800678272235977,6.141598106120864,1.4597584383510898,1.6284643945995012,0.8026361704834487
Random spaced,0.7,0.000128,0.7,0.00018285714285714286,3.809609347594594,6.887574377276225,0.7316443179129627,1.7245298716073088,0.5682353293940207
Random spaced,0.9,8e-05,0.9,8.888888888888889e-05,3.8169447178942097,6.026306152298827,1.607583283489593,1.6131069642685685,0.8422964507796357
Random spaced,0.7,0.00012,0.7,0.00017142857142857145,3.819861491707412,6.862893155545328,0.7768298278694963,1.7214372223492216,0.5855192479366431
Random spaced,0.8,8e-05,0.8,0.0001,3.8210791349914794,6.312072887457608,1.330085382525351,1.6509106651749692,0.7661573817280827
Random spaced,0.75,8.8e-05,0.75,0.00011733333333333333,3.8246975046363083,6.534030314789959,1.1153646944826576,1.6796861573229511,0.7015953089895324
Random spaced,0.7,0.000112,0.7,0.00016,3.8331980189700214,6.841875171383276,0.8245208665567668,1.7187992033947335,0.6032246157392003
Random spaced,1.05,9.6e-05,1.05,9.142857142857143e-05,3.8401927339058624,5.859199691561954,1.8211857762497707,1.5905844064337253,0.8965104471200429
Random spaced,0.7,0.000104,0.7,0.00014857142857142857,3.850966440602739,6.823029377647721,0.8789035035577566,1.7164303738650757,0.6228003210604371
Random spaced,0.65,0.000168,0.65,0.00025846153846153846,3.856679524723897,7.199864424107762,0.5134946253400322,1.763192500144444,0.476042997406646
Random spaced,0.65,0.00016,0.65,0.00024615384615384614,3.861375140061538,7.1825282813421225,0.5402219987809537,1.761068475482468,0.48827485829402095
Random spaced,0.65,0.000152,0.65,0.00023384615384615384,3.866593726135741,7.165181399237187,0.5680060530342945,1.7589405677691363,0.5006736227733353
Random spaced,0.75,8e-05,0.75,0.00010666666666666668,3.868436073765888,6.5292819358598635,1.2075902116719124,1.6790757196962283,0.7300254858366749
Random spaced,1.0,8.8e-05,1.0,8.8e-05,3.8723251936137806,5.951581440595338,1.7930689466322234,1.6030747033857065,0.889563028182288
Random spaced,0.65,0.000144,0.65,0.00022153846153846155,3.8736073986273354,7.148446838434038,0.5987679588206329,1.7568853298732734,0.514052536131983
Random spaced,0.7,9.6e-05,0.7,0.00013714285714285716,3.8745051498091807,6.807787753317852,0.9412225463005098,1.7145121780109194,0.6445021802614984
Random spaced,0.85,7.2e-05,0.85,8.470588235294118e-05,3.8748249233813485,6.160101597778674,1.5895482489840236,1.630915679689278,0.8375583784608266
Random spaced,0.95,8e-05,0.95,8.421052631578949e-05,3.875153403284398,5.976207164100974,1.774099642467822,1.6063877827261042,0.88484506714502
Random spaced,0.65,0.000136,0.65,0.00020923076923076922,3.8824215361936494,7.1332209663518125,0.6316221060354866,1.7550132889092847,0.5279671365850631
Random spaced,0.8,7.2e-05,0.8,8.999999999999999e-05,3.884095753636434,6.320200057939365,1.4479914493335029,1.6519731462783647,0.7993946337650093
Random spaced,0.65,0.000128,0.65,0.0001969230769230769,3.894065797170052,7.121611734083072,0.6665198602570319,1.75358457574378,0.5423564098334134
Random spaced,0.9,7.2e-05,0.9,8e-05,3.9026018514483445,6.05627411292431,1.7489295899723785,1.6171128656334077,0.8785457713626158
Random spaced,0.7,8.8e-05,0.7,0.00012571428571428572,3.9051118378042196,6.796905939267881,1.0133177363405583,1.7131413608780068,0.6687303779942141
Random spaced,0.65,0.00012,0.65,0.0001846153846153846,3.906872872411239,7.107246042359444,0.7064997024630347,1.7518150203940073,0.5583856150102675
Random spaced,0.75,7.2e-05,0.75,9.6e-05,3.921550842800693,6.528849534141119,1.3142521514602674,1.67902012037803,0.7615835910668082
Random spaced,0.65,0.000112,0.65,0.0001723076923076923,3.9230568185335586,7.095109049048047,0.7510045880190696,1.7503186002645144,0.5757043686227467
Random spaced,1.05,8.8e-05,1.05,8.38095238095238e-05,3.9244516108933425,5.882449362950846,1.9664538588358398,1.5937370513354263,0.9315799014404363
Random spaced,0.7,8e-05,0.7,0.0001142857142857143,3.9414353478503354,6.785250630518888,1.0976200651817822,1.7116718864632108,0.6959920016754235
Random spaced,0.65,0.000104,0.65,0.00015999999999999999,3.9438652812441477,7.087518529619264,0.8002120328690314,1.749382083113971,0.5942658429866905
Random spaced,1.0,8e-05,1.0,8e-05,3.9523983628133976,5.9601287408388215,1.9446679847879733,1.6042254097137147,0.9264051531218445
Random spaced,0.6,0.000168,0.6,0.00028,3.9615992037728796,7.45362200057067,0.46957640697508907,1.7939951010648567,0.45523051308433105
Random spaced,0.6,0.00016,0.6,0.0002666666666666667,3.964060509924612,7.434780838900755,0.493340180948469,1.7917262484744578,0.46660724126845216
Random spaced,0.6,0.000152,0.6,0.0002533333333333334,3.967857080414092,7.41768109163101,0.5180330691971731,1.789664607142351,0.47814208617149667
Random spaced,0.65,9.6e-05,0.65,0.0001476923076923077,3.9692064267735545,7.082684505619844,0.8557283479272645,1.7487854005533903,0.6145343872427755
Random spaced,0.6,0.000144,0.6,0.00024,3.972327895534461,7.399213320243454,0.5454424708254685,1.7874353582791216,0.4906284246613758
Random spaced,0.95,7.2e-05,0.95,7.578947368421054e-05,3.9751563857960077,6.019387468475357,1.9309253031166587,1.612180710114938,0.923125965212861
Random spaced,0.6,0.000136,0.6,0.00022666666666666668,3.979194328874341,7.382364590855342,0.5760240668933402,1.785399116237687,0.504195011519585
Random spaced,0.7,7.2e-05,0.7,0.00010285714285714287,3.9858019446489914,6.777904720099405,1.1936991691985777,1.7107450825718438,0.725814559561649
Random spaced,0.6,0.000128,0.6,0.00021333333333333333,3.9880793714284026,7.368119377425073,0.6080393654317331,1.7836757068713296,0.5180170787954205
Random spaced,0.6,0.00012,0.6,0.0002,3.998336141249547,7.352457659872195,0.6442146226268983,1.78177900267728,0.5332041477800732
Random spaced,0.65,8.8e-05,0.65,0.00013538461538461537,4.001803783893863,7.082603822814429,0.9210037449732975,1.7487754398305948,0.6375421871506446
Random spaced,0.6,0.000112,0.6,0.00018666666666666666,4.011066310500317,7.337648312637226,0.6844843083634063,1.779983665270637,0.5496167733605724
Random spaced,1.05,8e-05,1.05,7.61904761904762e-05,4.019983683362455,5.906465364098035,2.133502002626876,1.5969870754286584,0.9703418384448683
Random spaced,0.6,0.000104,0.6,0.00017333333333333334,4.0274373965243555,7.326765562954468,0.7281092300942422,1.7786631942091315,0.566860895084567
Random spaced,0.65,8e-05,0.65,0.00012307692307692307,4.035308116121098,7.074246146538371,0.9963700857038257,1.747743332596196,0.6631145694258412
Random spaced,0.6,9.6e-05,0.6,0.00016,4.048708824671035,7.318175364456316,0.7792422848857546,1.7776201998041234,0.5864277126998102
Random spaced,1.0,7.2e-05,1.0,7.2e-05,4.049251663534383,5.979990042711319,2.118513284357448,1.6068961158952133,0.966927307958277
Random spaced,0.65,7.2e-05,0.65,0.00011076923076923077,4.071926560361898,7.059670040955697,1.0841830797680976,1.7459418383468706,0.6917187413056626
Random spaced,0.55,0.000168,0.55,0.0003054545454545454,4.074819742250251,7.7198019248354885,0.4298375596650147,1.8257472250867517,0.4355423708957891
Random spaced,0.55,0.00016,0.55,0.0002909090909090909,4.075329500890842,7.700210304124195,0.4504486976574873,1.8234290263454915,0.44586244960080346
Random spaced,0.6,8.8e-05,0.6,0.00014666666666666666,4.075771308741629,7.31366839173417,0.8378742257490885,1.7770727327613625,0.6080896974872582
Random spaced,0.55,0.000152,0.55,0.00027636363636363633,4.0774731528998105,7.681705312925687,0.47324099287393456,1.821236694351053,0.4570033760337956
Random spaced,0.55,0.000144,0.55,0.0002618181818181818,4.0801361114002095,7.66222485936031,0.49804736344010897,1.818925941923706,0.4688280121916853
Random spaced,0.55,0.000136,0.55,0.00024727272727272727,4.084449969498864,7.6431655632061,0.525734375791627,1.8166623021867014,0.48168310900564576
Random spaced,0.55,0.000128,0.55,0.0002327272727272727,4.091365844747148,7.628039345956349,0.5546923435379474,1.8148637778975072,0.49477109020557025
Random spaced,0.55,0.00012,0.55,0.00021818181818181816,4.098512180461544,7.609587080272242,0.5874372806508468,1.8126673664906126,0.5091655155200484
Random spaced,0.6,8e-05,0.6,0.00013333333333333334,4.108149125684994,7.311078779915897,0.9052194714540907,1.7767580933945522,0.6320554398852701
Random spaced,0.55,0.000112,0.55,0.00020363636363636363,4.108678961482928,7.5934753136730775,0.6238826092927798,1.8107473707878383,0.5247224792155116
Random spaced,0.55,0.000104,0.55,0.00018909090909090907,4.121336628108505,7.579316165543883,0.6633570906731266,1.809058381089784,0.5410680850445111
Random spaced,1.05,7.2e-05,1.05,6.857142857142857e-05,4.12773724527302,5.9287307827640126,2.326743707782028,1.5999943002729669,1.013333741901252
Random spaced,0.55,9.6e-05,0.55,0.00017454545454545454,4.138361277031739,7.567964651238808,0.70875790282467,1.807703163388628,0.5592772930978108
Random spaced,0.6,7.2e-05,0.6,0.00012,4.148500294699967,7.311462154672835,0.9855384347270991,1.7768046771678427,0.6595003234283916
Random spaced,0.55,8.8e-05,0.55,0.00015999999999999999,4.160965159826086,7.560129112811222,0.7618012068409492,1.8067671127835268,0.5798278323277818
Random spaced,0.5,0.000168,0.5,0.000336,4.175166421075101,7.9573157092431925,0.3930171329070101,1.8536206763138685,0.4164702383834905
Random spaced,0.5,0.00016,0.5,0.00032,4.180336496782173,7.948554996800161,0.41211799676418454,1.8526000111533165,0.42647052421221643
Random spaced,0.5,0.000152,0.5,0.000304,4.186752624378918,7.940351834649938,0.43315341410789654,1.8516437932423357,0.43721907475835325
Random spaced,0.55,8e-05,0.55,0.00014545454545454546,4.188137345495069,7.5531205559263315,0.8231541350638071,1.80592944414034,0.6027244537369691
Random spaced,0.5,0.000144,0.5,0.000288,4.19386722465387,7.932568884643965,0.4551655646637745,1.8507361014613095,0.44819079126364875
Random spaced,0.5,0.000136,0.5,0.000272,4.197817363518403,7.915831548582577,0.47980317845422776,1.8487825887043328,0.4601609810205496
Random spaced,0.5,0.000128,0.5,0.000256,4.202794461512663,7.899167409888785,0.5064215131365405,1.8468355664265612,0.4727530105828619
Random spaced,0.5,0.00012,0.5,0.00024,4.207648810879007,7.879247916944592,0.5360497048134221,1.8445054949332929,0.48638565807735945
Random spaced,0.5,0.000112,0.5,0.000224,4.214887201112246,7.860752465711962,0.5690219365125309,1.8423393614795165,0.5011211521978227
Random spaced,0.55,7.2e-05,0.55,0.0001309090909090909,4.222576645083452,7.548894211107168,0.8962590790597347,1.8054241199845833,0.6289194326489872
Random spaced,0.5,0.000104,0.5,0.000208,4.224125200046151,7.843912323511535,0.6043380765807678,1.840364875500587,0.5164380218451567
Random spaced,0.5,9.6e-05,0.5,0.000192,4.236364236917595,7.8302536629058475,0.6424748109293426,1.8387618571023734,0.5324836565305888
Random spaced,0.45,0.000168,0.45,0.0003733333333333333,4.247631971005315,8.134700078220083,0.36056386379054667,1.8741672444073172,0.39890486175604545
Random spaced,0.5,8.8e-05,0.5,0.000176,4.252278786710817,7.818708661193971,0.6858489122276628,1.8374058129462245,0.5501643649757795
Random spaced,0.45,0.00016,0.45,0.00035555555555555557,4.256128101699603,8.134825445225683,0.3774307581735229,1.8741816861094027,0.4081284545535376
Random spaced,0.45,0.000152,0.45,0.00033777777777777777,4.2649233322388085,8.133405015000665,0.3964416494769522,1.8740180525715884,0.4182807394930804
Random spaced,0.45,0.000144,0.45,0.00032,4.2711779401367735,8.125557789957226,0.4167980903163213,1.8731137947496568,0.42888522994392125
Random spaced,0.5,8e-05,0.5,0.00016,4.273051608405586,7.809211351910207,0.7368918649009656,1.8362895343845203,0.5702694557905678
Random spaced,0.45,0.000136,0.45,0.0003022222222222222,4.276301923059235,8.117152078539766,0.43545176757870524,1.8721446964765327,0.4383775032359819
Random spaced,0.45,0.000128,0.45,0.0002844444444444444,4.283898271212456,8.11149969809009,0.4562968443348215,1.8714927487966104,0.44874741781394845
Random spaced,0.4,0.000168,0.4,0.00041999999999999996,4.285352548777595,8.250064964464189,0.32064013309100237,1.8874100132170832,0.3761726096649787
Random spaced,0.4,0.00016,0.4,0.0004,4.292563887188358,8.250282799478152,0.3348449748985639,1.8874349306737594,0.3844148204643733
Random spaced,0.45,0.00012,0.45,0.0002666666666666667,4.2929888735936785,8.104809766300772,0.4811679808865854,1.8707208359657874,0.4608149813280381
Random spaced,0.5,7.2e-05,0.5,0.000144,4.298828997927459,7.8001640122712805,0.7974939835836382,1.8352255121020835,0.5932557245887204
Random spaced,0.4,0.000152,0.4,0.00038,4.300316070612257,8.250859043862025,0.34977309736248896,1.887500843856037,0.39289041275829534
Random spaced,0.45,0.000112,0.45,0.0002488888888888889,4.302796455674585,8.097208320532237,0.5083845908169319,1.8698433620206587,0.4736684073727919
Random spaced,0.4,0.000144,0.4,0.00035999999999999997,4.3094239598238415,8.251390097760027,0.367457821887656,1.88756158592828,0.4027003231786758
Random spaced,0.45,0.000104,0.45,0.00023111111111111108,4.315104314317485,8.092902888541985,0.5373057400929836,1.8693461811689156,0.4869551575976972
Random spaced,0.4,0.000136,0.4,0.00033999999999999997,4.31977840122624,8.254311682920106,0.3852451195323751,1.8878957225883877,0.41233177418828343
Random spaced,0.35,0.000168,0.35,0.00048,4.324631482916408,8.36664598965187,0.28261697618094694,1.9006986546283404,0.35316475266007874
Random spaced,0.35,0.00016,0.35,0.0004571428571428572,4.329721046328879,8.36479530306524,0.29464678959251783,1.9004884274923575,0.360602793417237
Random spaced,0.45,9.6e-05,0.45,0.00021333333333333333,4.3306606441261,8.091675452741955,0.5696458355102455,1.8692044156328425,0.5013958018301043
Random spaced,0.4,0.000128,0.4,0.00031999999999999997,4.3310675378586065,8.257411496085753,0.4047235796314607,1.888250178230449,0.4226272381603882
Random spaced,0.35,0.000152,0.35,0.00043428571428571436,4.336578836503699,8.364549175698865,0.30860849730853135,1.9004604671158352,0.3690474168847364
Random spaced,0.4,0.00012,0.4,0.0003,4.342267113107431,8.257790414507815,0.42674381170704606,1.8882935020111722,0.43397213624350106
Random spaced,0.35,0.000144,0.35,0.0004114285714285715,4.3444641941855355,8.365148078120203,0.3237803102508673,1.9005285024623075,0.3780101378823056
Random spaced,0.45,8.8e-05,0.45,0.00019555555555555553,4.348196599814232,8.087779883851374,0.6086133157770892,1.8687544166665768,0.5182615086542572
Random spaced,0.4,0.000112,0.4,0.00028,4.353675598901449,8.256308414608588,0.45104278319431,1.88812405133443,0.4461563711456938
Random spaced,0.35,0.000136,0.35,0.0003885714285714286,4.353865682025525,8.366518587316659,0.3412127767343917,1.9006841832159442,0.3880528455546085
Random spaced,0.35,0.000128,0.35,0.00036571428571428573,4.364002661600496,8.369426723905882,0.358578599295111,1.9010144860126803,0.39780516092078694
Random spaced,0.45,8e-05,0.45,0.00017777777777777779,4.365166954458855,8.074473623898038,0.6558602850196728,1.8672165182281635,0.5380020080524185
Random spaced,0.4,0.000104,0.4,0.00026,4.367386865193809,8.257339126562503,0.47743460382511566,1.8882419037206553,0.4590237708855124
Random spaced,0.35,0.00012,0.35,0.0003428571428571429,4.373149909104467,8.367739671302694,0.37856014690624035,1.9008228795158202,0.4087386212765185
Random spaced,0.35,0.000112,0.35,0.00032,4.382965627997673,8.36604147686158,0.3998897791337655,1.9006299880800064,0.4200958409678055
Random spaced,0.4,9.6e-05,0.4,0.00024,4.383979054740908,8.261528721306462,0.5064293881753533,1.8887208694640365,0.47275668630924544
Random spaced,0.45,7.2e-05,0.45,0.00016,4.385177866843496,8.059514327335785,0.7108414063512066,1.86548605279989,0.5600987309269354
Random spaced,0.35,0.000104,0.35,0.00029714285714285715,4.394752501265995,8.365655558707244,0.4238494438247461,1.9005861503774273,0.43249793550774807
Random spaced,0.4,8.8e-05,0.4,0.00021999999999999998,4.405325542483806,8.268814113166226,0.5418369718013866,1.8895534659412974,0.4890041531655475
Random spaced,0.35,9.6e-05,0.35,0.0002742857142857143,4.408908108620353,8.366695918353471,0.4511202988872353,1.9007043259137337,0.44619470745854684
Random spaced,0.35,8.8e-05,0.35,0.00025142857142857145,4.427813189416332,8.372737980108665,0.4828883987239995,1.9013905048088477,0.4616380690535786
Random spaced,0.4,8e-05,0.4,0.0002,4.431337310815644,8.278336518771123,0.5843381028601664,1.8906411622551837,0.5078206219478681
Random spaced,0.35,8e-05,0.35,0.0002285714285714286,4.451082180676335,8.38062315922359,0.5215412021290792,1.9022856287490486,0.4797583495418944
Random spaced,0.4,7.2e-05,0.4,0.00017999999999999998,4.456822893378014,8.280761854295726,0.6328839324603021,1.8909180961150556,0.5284942480353785
Random spaced,0.35,7.2e-05,0.35,0.00020571428571428574,4.479229092381994,8.393246563626294,0.5652116211376945,1.9037177588274328,0.49944051674084644
One central cluster,0.4,7.2e-05,0.4,0.00017999999999999998,7.922132637140255,12.04327809273755,3.8009871815429586,1.4270054946152455,0.107897587798575
One central cluster,0.5,7.2e-05,0.5,0.000144,8.106008646738744,11.60510790616398,4.606909387313509,1.400805632766315,0.11878685063961676
One central cluster,0.45,7.2e-05,0.45,0.00016,8.117280625929263,11.802096748889882,4.432464502968645,1.4126444683100212,0.11651616078857475
One central cluster,0.5,8e-05,0.5,0.00016,8.302353611910185,11.777023695616695,4.827683528203674,1.411143118910933,0.12159981926545864
One central cluster,0.4,8e-05,0.4,0.0002,8.39836049106708,12.122682390389697,4.674038591744465,1.4317020652072212,0.11964916715990796
One central cluster,0.4,8.8e-05,0.4,0.00021999999999999998,8.493930104694881,12.204332152557448,4.783528056832313,1.4365154371077637,0.12104244727895556
One central cluster,0.55,7.2e-05,0.55,0.0001309090909090909,8.502670248462547,11.754211501054412,5.251128995870681,1.4097757583611237,0.12682062131769198
One central cluster,0.45,8e-05,0.45,0.00017777777777777779,8.52731645446682,11.941653781664119,5.112979127269523,1.4209720179902463,0.1251412656275448
One central cluster,0.45,8.8e-05,0.45,0.00019555555555555553,8.559686316545907,12.007374286865959,5.111998346225854,1.4248767896775234,0.12512926263824173
One central cluster,0.5,8.8e-05,0.5,0.000176,8.597956220965425,11.899718184973665,5.296194256957188,1.418474804553013,0.12736364689946714
One central cluster,0.35,7.2e-05,0.35,0.00020571428571428574,8.668385938407965,12.486483454800904,4.850288422015027,1.4530259179074974,0.12188417312222327
One central cluster,0.45,9.6e-05,0.45,0.00021333333333333333,8.693041816146682,12.073546457454995,5.3125371748383685,1.428797615380463,0.12756000396584416
One central cluster,0.5,9.6e-05,0.5,0.000192,8.713710811186132,11.949499908628871,5.477921713743394,1.4214387580381558,0.1295303215745934
One central cluster,0.55,8e-05,0.55,0.00014545454545454546,8.727143879181199,11.87620045544564,5.578087302916758,1.4170724265804606,0.1307092090371513
One central cluster,0.4,9.6e-05,0.4,0.00024,8.730209579445727,12.37335799131944,5.087061167572014,1.4464288552553068,0.12482368883933205
One central cluster,0.45,0.000104,0.45,0.00023111111111111108,8.842639578866574,12.170522565481285,5.5147565922518655,1.4345242721375357,0.1299650886292483
One central cluster,0.5,0.000104,0.5,0.000208,8.873082927073373,12.02456398106538,5.721601873081364,1.425896347987595,0.13237999200204326
One central cluster,0.55,8.8e-05,0.55,0.00015999999999999999,8.90871673101965,12.022883919546455,5.794549542492844,1.425796732015182,0.13322120979786606
One central cluster,0.55,9.6e-05,0.55,0.00017454545454545454,8.990549565151857,12.047964462167585,5.933134668136129,1.4272831110761288,0.13480488677969743
One central cluster,0.4,0.000104,0.4,0.00026,8.998063730549232,12.433154325632549,5.562973135465914,1.4499196982195008,0.13053200663719597
One central cluster,0.45,0.000112,0.45,0.0002488888888888889,9.009112942647395,12.21358241029256,5.804643475002229,1.4370597364962787,0.13333719299742855
One central cluster,0.5,0.000112,0.5,0.000224,9.06168316844333,12.06099109327337,6.062375243613289,1.4280545138967997,0.13626519443981774
One central cluster,0.35,8e-05,0.35,0.0002285714285714286,9.082367678511154,12.576349200052677,5.588386156969634,1.4582452879814354,0.13082981796756876
One central cluster,0.35,8.8e-05,0.35,0.00025142857142857145,9.114759461258135,12.665278587751587,5.5642403347646825,1.4633919492629803,0.13054687284673544
One central cluster,0.4,0.000112,0.4,0.00028,9.146757754375262,12.485799300295408,5.807716208455116,1.4529861105490318,0.13337247987153159
One central cluster,0.55,0.000104,0.55,0.00018909090909090907,9.148573743377101,12.073476128628947,6.223671358125255,1.4287934539766187,0.1380660368879494
One central cluster,0.45,0.00012,0.45,0.0002666666666666667,9.176430984072073,12.254987869548593,6.097874098595552,1.4394935749845668,0.1366635694640272
One central cluster,0.6,7.2e-05,0.6,0.00012,9.185901513795535,12.023819546892804,6.347983480698266,1.4258522090733203,0.1394380905617242
One central cluster,0.6,8e-05,0.6,0.00013333333333333334,9.236503325566126,12.05504493396243,6.4179617171698204,1.4277024496915187,0.14020454558019088
One central cluster,0.35,9.6e-05,0.35,0.0002742857142857143,9.238907559841707,12.780619551714906,5.6971955679685085,1.470040302560152,0.132097347439543
One central cluster,0.5,0.00012,0.5,0.00024,9.251030114772346,12.095133409571444,6.40692681997325,1.4300743575325854,0.1400839614743631
One central cluster,0.4,0.00012,0.4,0.0003,9.295363055203602,12.535312554347014,6.0554135560601905,1.4558642157875374,0.13618693235884693
One central cluster,0.35,0.000104,0.35,0.00029714285714285715,9.33747812463601,12.844456603588927,5.830499645683096,1.4737070320114822,0.13363383124331288
One central cluster,0.55,0.000112,0.55,0.00020363636363636363,9.358158667279085,12.09458846970872,6.621728864849451,1.4300421415463835,0.14241286715827
One central cluster,0.6,8.8e-05,0.6,0.00014666666666666666,9.37764686423618,12.207434711752942,6.547859016719419,1.4366980194443022,0.14161628356549902
One central cluster,0.6,9.6e-05,0.6,0.00016,9.458712950275192,12.19480031255678,6.722625587993604,1.4359543531526,0.1434937532184595
One central cluster,0.35,0.000112,0.35,0.00032,9.46889075597863,12.90253031580262,6.035251196154642,1.477034814623591,0.13596001644247066
One central cluster,0.55,0.00012,0.55,0.00021818181818181816,9.569673855060946,12.115298729371558,7.024048980750334,1.4312659895702238,0.14667540589774986
One central cluster,0.5,0.000128,0.5,0.000256,9.58829809951877,12.129631468940127,7.046964730097412,1.4321123533115243,0.1469144731276541
One central cluster,0.55,0.000128,0.55,0.0002327272727272727,9.592693627623362,12.136822475455547,7.048564779791178,1.4325368016309414,0.14693115102549842
One central cluster,0.35,0.00012,0.35,0.0003428571428571429,9.598704252887753,12.95480041240567,6.242608093369839,1.4800236360608632,0.13827592379067224
One central cluster,0.55,0.000136,0.55,0.00024727272727272727,9.6082306203004,12.166456845141473,7.050004395459327,1.4342846414373667,0.1469461550436429
One central cluster,0.55,0.000144,0.55,0.0002618181818181818,9.613713071348599,12.174103326138807,7.053322816558391,1.4347352865077116,0.14698073458614966
One central cluster,0.6,0.000128,0.6,0.00021333333333333333,9.61958558622787,12.180064411455122,7.059106761000619,1.4350865046848318,0.14704098662717402
One central cluster,0.55,0.000152,0.55,0.00027636363636363633,9.620057854426115,12.181923086370517,7.058192622481714,1.4351959974365014,0.14703146557966731
One central cluster,0.6,0.000136,0.6,0.00022666666666666668,9.620415730328647,12.179354751341467,7.061476709315827,1.4350446970862665,0.14706566753274325
One central cluster,0.6,0.000144,0.6,0.00024,9.624115151505336,12.18223039293064,7.065999910080032,1.4352140997656855,0.1471127611561626
One central cluster,0.6,0.000104,0.6,0.00017333333333333334,9.626517530777305,12.186999901921073,7.066035159633536,1.4354950251980008,0.1471131281001722
One central cluster,0.6,0.000152,0.6,0.0002533333333333334,9.628845784470801,12.185502680148725,7.072188888792877,1.4354068443315733,0.14717717372893172
One central cluster,0.5,0.000136,0.5,0.000272,9.633654888246163,12.219712856905883,7.047596919586442,1.4374203478420413,0.14692106289405077
One central cluster,0.6,0.000168,0.6,0.00028,9.634536167819798,12.194722149648856,7.07435018599074,1.4359497512507704,0.14719966106058563
One central cluster,0.6,0.00016,0.6,0.0002666666666666667,9.634725415709903,12.18849932745128,7.080951503968526,1.4355833304291925,0.14726832356418504
One central cluster,0.55,0.00016,0.55,0.0002909090909090909,9.639950880813165,12.189192421487837,7.090709340138495,1.4356241467788509,0.14736975946912442
One central cluster,0.5,0.000144,0.5,0.000288,9.643463368880004,12.237063761778742,7.049862975981267,1.4384404903343977,0.1469446812039402
One central cluster,0.55,0.000168,0.55,0.0003054545454545454,9.644648346685305,12.197835644114623,7.0914610492559875,1.4361330492471636,0.14737757083542516
One central cluster,0.5,0.000152,0.5,0.000304,9.653377295900842,12.25317983386062,7.053574757941063,1.4393873834572286,0.1469833596041581
One central cluster,0.65,0.000144,0.65,0.00022153846153846155,9.657503026820928,12.225688487727508,7.089317565914347,1.4377717654077518,0.14735529578937173
One central cluster,0.65,0.000136,0.65,0.00020923076923076922,9.657900863483427,12.232382725955555,7.0834190010113005,1.4381653411789712,0.1472939806034338
One central cluster,0.65,0.000152,0.65,0.00023384615384615384,9.658867267544185,12.220728702728257,7.097005832360112,1.4374800942176937,0.1474351765237807
One central cluster,0.65,0.00016,0.65,0.00024615384615384614,9.661655459985434,12.216144228272286,7.107166691698582,1.43721044135576,0.14754068103575632
One central cluster,0.65,0.000168,0.65,0.00025846153846153846,9.665210836666022,12.211013243320796,7.119408430011247,1.4369085834411655,0.1476676920798561
One central cluster,0.45,0.000128,0.45,0.0002844444444444444,9.673636932353098,12.294205366477508,7.053068498228688,1.4417950151468013,0.14697808475479754
One central cluster,0.6,0.00012,0.6,0.0002,9.675023342147558,12.180860087717438,7.169186596577677,1.435133378230808,0.1481830314554779
One central cluster,0.5,0.00016,0.5,0.00032,9.689930727544187,12.270294778101764,7.109566676986608,1.4403922833583587,0.14756559008820108
One central cluster,0.65,0.000128,0.65,0.0001969230769230769,9.693553528173245,12.240767307394044,7.146339748952445,1.4386581457726881,0.1479467273329069
One central cluster,0.5,0.000168,0.5,0.000336,9.700643413938737,12.290899915154062,7.110386912723411,1.4416011797797685,0.14757410221595352
One central cluster,0.6,0.000112,0.6,0.00018666666666666666,9.711821228981975,12.181713539366026,7.241928918597923,1.4351836536417943,0.14893290542618978
One central cluster,0.7,0.000168,0.7,0.00024,9.71378403398607,12.30594146115807,7.12162660681407,1.4424830224643534,0.14769069452047773
One central cluster,0.45,0.000136,0.45,0.0003022222222222222,9.719669799124455,12.386336802759995,7.053002795488914,1.4471872592021868,0.14697740016727742
One central cluster,0.7,0.00016,0.7,0.0002285714285714286,9.723198968553993,12.31376431086912,7.132633626238866,1.4429414406661472,0.14780478409456754
One central cluster,0.65,0.00012,0.65,0.0001846153846153846,9.72479412756195,12.24886287381882,7.200725381305077,1.4391338033539771,0.14850861818668276
One central cluster,0.7,0.000144,0.7,0.00020571428571428574,9.72685581951252,12.328839581742766,7.124872057282276,1.4438244395134652,0.14772434331053794
One central cluster,0.7,0.000152,0.7,0.00021714285714285718,9.727658331306156,12.321055871944186,7.134260790668126,1.4433685943089656,0.14782164245186427
One central cluster,0.7,0.000136,0.7,0.0001942857142857143,9.728151532712005,12.33889571178905,7.117407353634961,1.4444131537530085,0.1476469378908048
One central cluster,0.45,0.000144,0.45,0.00032,9.730607453679097,12.406862351240633,7.05435255611756,1.4483858386152901,0.14699146331338075
One central cluster,0.7,0.000128,0.7,0.00018285714285714286,9.764718509054335,12.34335233111313,7.18608468699554,1.4446739801095114,0.14835756565477687
One central cluster,0.65,0.000112,0.65,0.0001723076923076923,9.768949577953158,12.257775772486795,7.2801233834195225,1.4396573017950578,0.14932513048929358
One central cluster,0.45,0.000152,0.45,0.00033777777777777777,9.777830642917614,12.42497431078973,7.130686975045498,1.4494426545114047,0.14778461314449054
One central cluster,0.65,7.2e-05,0.65,0.00011076923076923077,9.787257449408854,12.037449107744385,7.537065791073323,1.4266601152145242,0.15193739853399005
One central cluster,0.45,0.00016,0.45,0.00035555555555555557,9.78795359752598,12.445995481496972,7.129911713554991,1.4506682548376546,0.14777657921773543
One central cluster,0.7,0.00012,0.7,0.00017142857142857145,9.796598885494868,12.347967045627247,7.2452307253624895,1.444944009466585,0.1489668529864582
One central cluster,0.45,0.000168,0.45,0.0003733333333333333,9.79919549342603,12.467603862976295,7.130787123875763,1.4519270130916888,0.14778565094100454
One central cluster,0.75,0.000168,0.75,0.000224,9.8163192698649,12.51232272029698,7.120315819432821,1.4545285715129666,0.14767710211959953
One central cluster,0.65,8e-05,0.65,0.00012307692307692307,9.818166291988689,12.116493855549894,7.519838728427484,1.4313365821865514,0.15176366166479974
One central cluster,0.75,0.00016,0.75,0.00021333333333333336,9.827305310764324,12.52194110148867,7.1326695200399755,1.4550875213973151,0.14780515599568617
One central cluster,0.65,0.000104,0.65,0.00015999999999999999,9.829729243943486,12.270417072585827,7.389041415301147,1.4403994613274058,0.15043801121151634
One central cluster,0.75,0.000152,0.75,0.00020266666666666667,9.839634473953563,12.53233853073402,7.146930417173105,1.4556915024475907,0.14795284134564746
One central cluster,0.75,0.000136,0.75,0.00018133333333333334,9.842225775501593,12.519243591624289,7.165207959378896,1.4549307835432144,0.1481419076590109
One central cluster,0.7,0.000112,0.7,0.00016,9.844235429040488,12.356537465714064,7.33193339236691,1.4454453725267533,0.14985553500086754
One central cluster,0.75,0.000144,0.75,0.000192,9.853373526269436,12.543361201523275,7.163385851015596,1.4563315299066377,0.14812307025935592
One central cluster,0.75,0.000128,0.75,0.00017066666666666665,9.867070718573949,12.493938270205842,7.240203166942054,1.4534596038108514,0.14891515901325858
One central cluster,0.4,0.000128,0.4,0.00031999999999999997,9.871171936766903,12.676569198128025,7.065774675405781,1.464044082871395,0.14711041646614606
One central cluster,0.4,0.000136,0.4,0.00033999999999999997,9.882597514949303,12.7000864337054,7.065108596193205,1.4654014815223453,0.1471034823715672
One central cluster,0.75,0.00012,0.75,0.00016,9.886204633277423,12.467848187469647,7.3045610790852,1.451941239546019,0.1495755455360038
One central cluster,0.7,0.000104,0.7,0.00014857142857142857,9.921119591422546,12.321165895757249,7.5210732870878445,1.4433750387469884,0.15177611894349263
One central cluster,0.75,0.000112,0.75,0.00014933333333333332,9.921526236375328,12.44376943743289,7.399283035317767,1.4505385184952182,0.15054223281118762
One central cluster,0.4,0.000144,0.4,0.00035999999999999997,9.938108934619722,12.72098423144303,7.155233637796414,1.4666066338095614,0.1480387613426986
One central cluster,0.4,0.000152,0.4,0.00038,9.948160536498502,12.74406452384728,7.1522565491497225,1.4679364982862044,0.14800796078532058
One central cluster,0.4,0.00016,0.4,0.0004,9.95880873924847,12.76617467739648,7.151442801100461,1.469209335382367,0.14799954074232222
One central cluster,0.4,0.000168,0.4,0.00041999999999999996,9.97153081450554,12.790699991281846,7.152361637729233,1.4706199196729672,0.14800904812671523
One central cluster,0.8,0.000168,0.8,0.00020999999999999998,9.983975272861597,12.844435382478098,7.123515163245097,1.4737058146103053,0.14771027598249584
One central cluster,0.65,8.8e-05,0.65,0.00013538461538461537,9.99038808509103,12.300402223238816,7.680373946943246,1.442158335562447,0.15337504950496272
One central cluster,0.8,0.000136,0.8,0.00016999999999999999,9.990778218716265,12.791426748642309,7.19012968879022,1.4706616988043033,0.14839931455004904
One central cluster,0.8,0.00016,0.8,0.0002,9.99740539733281,12.85744392447541,7.137366870190212,1.4744518930459096,0.14785381788150775
One central cluster,0.65,9.6e-05,0.65,0.0001476923076923077,10.003497126065865,12.28559358219559,7.72140066993614,1.4412899559587382,0.1537841503415463
One central cluster,0.75,0.000104,0.75,0.00013866666666666666,10.011579854301981,12.416042539760554,7.607117168843407,1.448921590362002,0.15264183763516823
One central cluster,0.8,0.000152,0.8,0.00019,10.012172664405558,12.871393792402424,7.1529515364086915,1.475251540056639,0.14801515160318082
One central cluster,0.8,0.000144,0.8,0.00017999999999999998,10.028309317709152,12.886120162224385,7.170498473193918,1.4760952283802315,0.1481965887090768
One central cluster,0.8,0.000128,0.8,0.00015999999999999999,10.039539423862754,12.774005523313335,7.305073324412175,1.4696598770843565,0.14958079006953431
One central cluster,0.7,9.6e-05,0.7,0.00013714285714285716,10.045869603708484,12.274498922209796,7.817240285207171,1.4406390214450966,0.15473560729899075
One central cluster,0.8,0.00012,0.8,0.00015,10.069102389404181,12.757409064933556,7.380795713874806,1.46870484866518,0.1503540481425802
One central cluster,0.35,0.000128,0.35,0.00036571428571428573,10.098655609170233,13.113206590697724,7.084104627642741,1.4890447152779756,0.1473011089571358
One central cluster,0.8,0.000112,0.8,0.00014,10.112585232578542,12.740846472632914,7.484323992524171,1.4677511495275015,0.15140486239864057
One central cluster,0.75,9.6e-05,0.75,0.000128,10.156084100082284,12.379040053236299,7.933128146928268,1.446760929822042,0.15587833844670682
One central cluster,0.35,0.000136,0.35,0.0003885714285714286,10.160271576572892,13.139012161301224,7.18153099184456,1.4905091459006155,0.14831055241907906
One central cluster,0.35,0.000144,0.35,0.0004114285714285715,10.170053584651768,13.162287835526634,7.177819333776904,1.491828775338783,0.14827222151137742
One central cluster,0.35,0.000152,0.35,0.00043428571428571436,10.18050446214501,13.186271023744009,7.174737900546011,1.4931872977825402,0.14824039151011856
One central cluster,0.35,0.00016,0.35,0.0004571428571428572,10.18543379944252,13.19697279536275,7.173894803522292,1.4937930986379278,0.14823168145642548
One central cluster,0.35,0.000168,0.35,0.00048,10.190291531336085,13.20573630959523,7.17484675307694,1.4942889966267816,0.148241516030681
One central cluster,0.7,8.8e-05,0.7,0.00012571428571428572,10.21417035847212,12.154549076159245,8.273791640784994,1.4335825754445493,0.15919001474136188
One central cluster,0.85,0.000168,0.85,0.0001976470588235294,10.227064731245735,13.322192182166438,7.131937280325032,1.5008632897082261,0.14779756896373245
One central cluster,0.85,0.00016,0.85,0.00018823529411764707,10.243262057405824,13.339069384048095,7.147454730763553,1.5018136721614683,0.14795826830927
One central cluster,0.8,0.000104,0.8,0.00013,10.251446374245045,12.722720801874459,7.78017194661563,1.466706735293645,0.154368303273627
One central cluster,0.85,0.000136,0.85,0.00016,10.252561783473816,13.301013899212775,7.204109667734858,1.4996698543684752,0.14854351305035643
One central cluster,0.85,0.000152,0.85,0.00017882352941176472,10.260782368582674,13.357071376008358,7.164493361156992,1.502826730921812,0.14813452025420829
One central cluster,0.85,0.000144,0.85,0.00016941176470588237,10.280890893229236,13.378567960110047,7.183213826348424,1.504035553303225,0.14832792806612902
One central cluster,0.85,0.000128,0.85,0.00015058823529411763,10.312702541637142,13.295207969025158,7.330197114249125,1.4993425135767307,0.14983779027528646
One central cluster,0.85,0.00012,0.85,0.0001411764705882353,10.36624442138624,13.288366342840499,7.4441224999319795,1.4989566880585672,0.15099768487314263
One central cluster,0.75,8.8e-05,0.75,0.00011733333333333333,10.384671784321103,12.263334431932694,8.506009136709512,1.439983692886001,0.1614085200409445
One central cluster,0.8,9.6e-05,0.8,0.00012,10.384993132976398,12.698302411875968,8.071683854076827,1.465298553087091,0.1572336893031259
One central cluster,0.85,0.000112,0.85,0.00013176470588235293,10.436992840062821,13.284524915948213,7.589460764177428,1.498740011734837,0.15246459100727278
One central cluster,0.7,8e-05,0.7,0.0001142857142857143,10.494477190211185,12.087412375300302,8.901542005122069,1.4296178344233532,0.165118660120014
One central cluster,0.7,7.2e-05,0.7,0.00010285714285714287,10.54083541112288,12.024694261933263,9.056976560312496,1.425904072446912,0.16655403361605492
One central cluster,0.9,0.000168,0.9,0.00018666666666666666,10.556484567295085,13.966587154338693,7.146381980251477,1.5367330650103654,0.14794716447789802
One central cluster,0.9,0.00016,0.9,0.00017777777777777779,10.575809583453715,13.987868092022232,7.163751074885197,1.537903382148274,0.14812684622455555
One central cluster,0.85,0.000104,0.85,0.00012235294117647058,10.595724407498029,13.276349244718855,7.915099570277204,1.4982787573243797,0.1557011156055212
One central cluster,0.9,0.000152,0.9,0.00016888888888888889,10.59704958254995,14.011712070639689,7.18238709446021,1.5392135933057611,0.14831939212667505
One central cluster,0.9,0.000136,0.9,0.0001511111111111111,10.614483762278475,14.004345012653058,7.22462251190389,1.5388088973398493,0.14875484270319078
One central cluster,0.9,0.000144,0.9,0.00016,10.619710202222986,14.03705034432895,7.202370060117022,1.5406046938013611,0.14852557724424187
One central cluster,0.8,8.8e-05,0.8,0.00010999999999999999,10.6724178984958,12.641116812558,8.7037189844336,1.4619954135887845,0.16327359803219088
One central cluster,0.9,0.000128,0.9,0.0001422222222222222,10.68931584701989,14.015654366826876,7.362977327212904,1.5394301124965706,0.15017244946777236
One central cluster,0.75,8e-05,0.75,0.00010666666666666668,10.703184486301751,12.211138710471337,9.195230262132167,1.436915965480594,0.16782043310894146
One central cluster,0.9,0.00012,0.9,0.00013333333333333334,10.758935810169286,14.030152789090588,7.487718831247984,1.5402261345085426,0.1514391966162265
One central cluster,0.85,9.6e-05,0.85,0.00011294117647058824,10.784880661831597,13.264165494960018,8.305595828703176,1.497591111830747,0.15949568191773986
One central cluster,0.9,0.000112,0.9,0.00012444444444444444,10.884669485373305,14.049885273880745,7.719453696865864,1.5413088671943374,0.15376476056441732
One central cluster,0.95,0.000168,0.95,0.0001768421052631579,10.984429685348712,14.801113336658151,7.167746034039272,1.5819781471505998,0.1481681429011383
One central cluster,0.95,0.00016,0.95,0.00016842105263157898,11.007284353949707,14.827395933718309,7.1871727741811045,1.5833820973707076,0.1483687970737589
One central cluster,0.95,0.000152,0.95,0.00016,11.032084340905982,14.856604476277454,7.207564205534508,1.5849408852328661,0.14857912381299046
One central cluster,0.8,8e-05,0.8,0.0001,11.03658723137454,12.60892428480147,9.464250177947612,1.4601326299597348,0.17025765168218854
One central cluster,0.95,0.000144,0.95,0.00015157894736842108,11.058235022750559,14.887563810750118,7.228906234751001,1.586591436621452,0.14879893705464384
One central cluster,0.9,0.000104,0.9,0.00011555555555555554,11.061829653496098,14.070233188693617,8.053426118298578,1.542424572905927,0.15705576135110366
One central cluster,0.95,0.000136,0.95,0.0001431578947368421,11.083765376387838,14.9149159001203,7.252614852655377,1.5880482457097718,0.14904274498492076
One central cluster,0.85,8.8e-05,0.85,0.00010352941176470589,11.093245512984387,13.253307950944022,8.933183075024752,1.4969780506369745,0.16541186193657845
One central cluster,0.75,7.2e-05,0.75,9.6e-05,11.156761676518391,12.165048160314951,10.14847519272183,1.4342016052040303,0.17630471632590655
One central cluster,0.95,0.000128,0.95,0.00013473684210526314,11.17246823035115,14.940460184351299,7.404476276351003,1.5894075628547004,0.15059505312949914
One central cluster,0.95,0.00012,0.95,0.0001263157894736842,11.25551833933986,14.969924996283943,7.541111682395775,1.5909740650697246,0.1519781730041785
One central cluster,0.9,9.6e-05,0.9,0.00010666666666666667,11.29962083782717,14.093318263527188,8.505923412127153,1.5436893846918898,0.16140770669166346
One central cluster,0.95,0.000112,0.95,0.00011789473684210527,11.398778728779526,15.001768737666206,7.7957887198928475,1.5926653111244113,0.15452315372448497
One central cluster,0.8,7.2e-05,0.8,8.999999999999999e-05,11.441172548331895,12.57856141440613,10.30378368225766,1.4583735370167743,0.17764864500279187
One central cluster,0.85,8e-05,0.85,9.411764705882353e-05,11.514964259808522,13.25746472992536,9.772463789691685,1.4972127889785263,0.1730077539452398
One central cluster,1.0,0.000168,1.0,0.000168,11.524537272042974,15.852040513860144,7.197034030225804,1.6371779045430883,0.14847054787477368
One central cluster,1.0,0.00016,1.0,0.00016,11.552020489316524,15.885294318672209,7.218746659960839,1.6388942095369876,0.14869433855761408
One central cluster,1.0,0.000152,1.0,0.000152,11.580763588893959,15.920459544212195,7.241067633575724,1.6407072141821208,0.14892404884278965
One central cluster,0.9,8.8e-05,0.9,9.777777777777777e-05,11.599869849554416,14.111810614655178,9.087929084453654,1.5447018179433722,0.16683839289681665
One central cluster,0.95,0.000104,0.95,0.00010947368421052632,11.601280245146041,15.039335173854846,8.163225316437236,1.594658187817588,0.15812277408264466
One central cluster,1.0,0.000144,1.0,0.000144,11.610236494829614,15.956599401378757,7.263873588280472,1.6425683825765516,0.1491583848038048
One central cluster,1.0,0.000136,1.0,0.000136,11.677106245662102,15.997122120171387,7.357090371152818,1.6446527593746088,0.15011240341902576
One central cluster,1.0,0.000128,1.0,0.000128,11.748951260952953,16.04202134198317,7.455881179922736,1.6469591707008417,0.151116895220244
One central cluster,1.0,0.00012,1.0,0.00012,11.847698432494356,16.089798305686752,7.605598559301961,1.649409865877611,0.15262660092224548
One central cluster,0.95,9.6e-05,0.95,0.00010105263157894738,11.88141457131294,15.08019960409766,8.68262953852822,1.5968231968290545,0.16307566895769338
One central cluster,0.85,7.2e-05,0.85,8.470588235294118e-05,11.898763420384128,13.266026719148787,10.53150012161947,1.49769617893919,0.17960095911831503
One central cluster,0.95,8.8e-05,0.95,9.263157894736843e-05,11.958138127491125,15.128504474335461,8.787771780646791,1.5993786227824753,0.1640600795877205
One central cluster,0.9,8e-05,0.9,8.888888888888889e-05,11.996060159772414,14.138485509557436,9.853634809987392,1.5461610674436215,0.17372477759539326
One central cluster,1.0,0.000112,1.0,0.000112,12.014669565002295,16.143781809036735,7.885557320967855,1.652174548199897,0.15541027521938294
One central cluster,1.05,0.000168,1.05,0.00015999999999999999,12.1719010554932,17.14995864674351,7.193843464242888,1.7028830651567344,0.14843763448367966
One central cluster,1.05,0.00016,1.05,0.0001523809523809524,12.202964062709585,17.188528241768687,7.217399883650484,1.7047968488965615,0.1486804672193252
One central cluster,1.05,0.000152,1.05,0.00014476190476190475,12.235907447743077,17.2305491569099,7.241265738576255,1.7068794412280806,0.14892608600073953
One central cluster,1.0,0.000104,1.0,0.000104,12.247630045068124,16.205367650080365,8.289892440055883,1.6553229338940902,0.15934483135112676
One central cluster,1.05,0.000144,1.05,0.00013714285714285713,12.270071130759742,17.275042706941235,7.265099554578249,1.7090818133358059,0.1491709714378857
One central cluster,0.9,7.2e-05,0.9,8e-05,12.31968207359503,14.172844781264057,10.466519365926004,1.5480386635743517,0.17904602088715835
One central cluster,1.05,0.000136,1.05,0.00012952380952380952,12.34401213766974,17.32192571025073,7.366098565088747,1.711399393642748,0.15020427587798138
One central cluster,0.95,8e-05,0.95,8.421052631578949e-05,12.39378448230137,15.184684316116538,9.602884648486203,1.6023455246106857,0.17150010452618278
One central cluster,1.05,0.000128,1.05,0.0001219047619047619,12.422129771732198,17.375056324048728,7.469203219415667,1.714022025908621,0.15125184149413073
One central cluster,1.0,8.8e-05,1.0,8.8e-05,12.42373923252066,16.237362256887316,8.610116208154002,1.656956198026478,0.16239327470025236
One central cluster,1.0,9.6e-05,1.0,9.6e-05,12.550819792569653,16.23973464099704,8.861904944142267,1.6570772396377682,0.1647506272328453
One central cluster,1.05,0.00012,1.05,0.00011428571428571428,12.563517930679307,17.432783254225928,7.694252607132684,1.7168670003432385,0.1535135635569751
One central cluster,0.95,7.2e-05,0.95,7.578947368421054e-05,12.673118465239272,15.185024525737322,10.161212404741221,1.6023634746153936,0.17641532044800537
One central cluster,1.05,0.000112,1.05,0.00010666666666666667,12.71271337499521,17.496160259780208,7.929266490210215,1.7199850100268212,0.1558403949083516
One central cluster,1.05,9.6e-05,1.05,9.142857142857143e-05,12.72661587087444,17.45133100023395,8.00190074151493,1.7177800945668906,0.1565525381050447
One central cluster,1.0,8e-05,1.0,8e-05,12.86489385175879,16.2272848442369,9.50250285928068,1.6564419389156149,0.17060137907497422
One central cluster,1.05,0.000104,1.05,9.904761904761904e-05,12.966761125441575,17.566955884638183,8.36656636624497,1.7234613294549368,0.16008003228571321
One central cluster,1.05,8.8e-05,1.05,8.38095238095238e-05,13.011888365890757,17.467219188180785,8.556557543600729,1.7185618745890678,0.16188740842572724
One central cluster,1.0,7.2e-05,1.0,7.2e-05,13.16417515848832,16.232125393969273,10.096224923007366,1.6566889762914694,0.17585027087599903
One central cluster,1.05,8e-05,1.05,7.61904761904762e-05,13.466670492704484,17.476626969866047,9.45671401554292,1.7190246179242679,0.17018985207763024
One central cluster,1.05,7.2e-05,1.05,6.857142857142857e-05,13.79819285162105,17.500056494255116,10.096329208986981,1.720176511811948,0.17585117907042555
